SNP,Chromosome,Position,P.value,maf,nobs,effect,Phenotype_Variance_Explained(%)
AX-115492553,3,16745623,4.56534594656127e-09,0.366113744075829,422,-95.9420317721518,17.5750417047878
AX-115245540,9,14193839,1.45604121269115e-10,0.0924170616113744,422,258.603501127221,0
AX-115185937,11,42165458,1.07958475286597e-06,0.104265402843602,422,-136.940309709755,7.82926279108215
AX-115190658,16,3462748,4.18501522563869e-18,0.287914691943128,422,-180.438207008171,0
