SNP,Chromosome,Position,P.value,maf,nobs,effect,Phenotype_Variance_Explained(%)
AX-115638088,9,34408540,2.24457285127554e-21,0.105450236966825,422,-14.1105774925018,0
AX-115265464,10,32311518,5.01233039471733e-07,0.106635071090047,422,-4.45218146205828,0
AX-115340156,14,20176848,6.37650470234156e-07,0.186018957345972,422,3.146365547396,0
AX-115511502,16,4446599,6.58406811135472e-08,0.181710213776722,422,3.90021705751349,0
AX-115272227,16,11700114,7.02456649339641e-07,0.181279620853081,422,-2.2957519417689,0
