SNP,Chromosome,Position,P.value,maf,nobs,effect,Phenotype_Variance_Explained(%)
AX-115577800,2,31923120,4.35994360724497e-15,0.200236966824645,422,2.49197973530552,3.48016290394334e-09
AX-115308685,4,19258127,4.34311952948412e-08,0.42654028436019,422,0.264458080690991,4.03325550606202e-09
AX-115248083,4,24793186,2.42111961264291e-11,0.327014218009479,422,-3.06006810306844,0
AX-115583837,9,25280656,2.70429568649928e-23,0.495260663507109,422,3.52156627952782,4.12683800856128e-09
AX-635441221,9,34969698,5.72989023189175e-11,0.0921375921375921,422,0.905698119784089,0
AX-115445925,12,8898542,1.09798348054204e-06,0.207838479809976,422,-1.76647777069358,0
AX-115321426,12,20772552,6.02619286246657e-07,0.208530805687204,422,2.18272572016561,0.132483841233321
AX-115384789,12,20945178,6.02619286246657e-07,0.208530805687204,422,2.18272572016561,1.19291283761554e-08
AX-635449000,16,241116,1.64305048765083e-09,0.0639810426540284,422,0.820270587968953,72.0373061632648
AX-115191358,17,2200896,6.16053565196984e-07,0.203791469194313,422,-2.72881027305314,0
