SNP,Chromosome,Position,P.value,maf,nobs,effect,Phenotype_Variance_Explained(%)
AX-115402287,4,26205970,4.19384522388552e-11,0.182464454976303,422,-5.6032867165181,0
AX-115224655,7,34450228,1.67180574150558e-06,0.101895734597156,422,5.46125789744267,0
AX-115638088,9,34408540,3.80607403676657e-40,0.105450236966825,422,30.6742999611471,9.88185149261189e-09
AX-115576814,11,12796755,1.04290597307331e-06,0.15083135391924,422,-3.75387797935915,0.402711275578596
AX-105176034,12,5431541,5.9246944201766e-08,0.0959715639810427,422,6.71679849768519,0
AX-115511502,16,4446599,1.1356583335581e-11,0.181710213776722,422,-7.89659994982266,6.80963938700258e-08
AX-115182697,17,5888293,9.79706581516954e-13,0.101941747572816,422,-14.9875583463109,0.935200943550629
AX-115499685,17,11609651,1.20837787078893e-07,0.104265402843602,422,9.86360837639121,5.64825819338846
