SNP,Chromosome,Position,P.value,maf,nobs,effect,Phenotype_Variance_Explained(%)
AX-635437109,5,35382090,2.67238489101732e-47,0.101895734597156,422,-0.259051636644696,0.415848095501259
AX-115431871,5,35730588,5.90931622239124e-31,0.201421800947867,422,-0.305544866638879,1.27596941792417e-07
AX-115182727,5,37089073,6.03412292759837e-22,0.395734597156398,422,-0.257477456511309,0
AX-115579257,8,10209889,1.77586569535483e-07,0.460900473933649,422,-0.0238014058273028,0
AX-115457410,10,12236880,7.80899199677299e-10,0.208530805687204,422,-0.0145735961395029,0
AX-635446146,13,41455394,3.52998635990134e-07,0.293316831683168,422,-0.0250233838688922,1.27916440340678
AX-115426668,16,10786303,3.09326529163033e-07,0.241706161137441,422,0.00794404427912822,0.114875774161215
