SNP,Chromosome,Position,P.value,maf,nobs,effect,Phenotype_Variance_Explained(%)
AX-115361987,7,5427255,1.66020431857688e-07,0.484597156398104,422,0.0811890681101359,0
AX-635456138,7,8125740,4.08398184911338e-07,0.496445497630332,422,-0.132311675112631,0
AX-635449009,16,442649,5.53546546673488e-11,0.0665024630541873,422,-0.209680715698638,0
AX-105221334,16,3141251,1.66553359887514e-77,0.281990521327014,422,-0.56349729985611,0
AX-115234324,17,689381,3.65782621268804e-07,0.210900473933649,422,0.103808343030731,0
