SNP,Chromosome,Position,P.value,maf,nobs,effect,Phenotype_Variance_Explained(%)
AX-635435421,3,23939119,5.59421419660621e-07,0.315165876777251,422,-0.493785141434042,0
AX-635441031,9,26123239,9.05356825589748e-08,0.190023752969121,422,-0.938925622961231,0
AX-115631975,10,28736007,8.27509422655093e-07,0.47867298578199,422,-0.35598910183315,0.269974029215178
