SNP,Chromosome,Position,P.value,maf,nobs,effect,Phenotype_Variance_Explained(%)
AX-635452977,9,26675281,1.86062724945762e-08,0.309241706161137,422,6.39134473532138,1.18280160704624
AX-635441970,10,27931702,5.02627908792505e-08,0.454878048780488,422,-3.32711196206862,5.39306475462097
