SNP,Chromosome,Position,P.value,maf,nobs,effect,Phenotype_Variance_Explained(%)
AX-115650196,9,29333991,1.20055757618319e-06,0.187203791469194,422,0.676071461294342,0
AX-115185080,11,2833558,5.21004096307962e-07,0.329383886255924,422,1.19000586443188,1.07265393454035
AX-105221334,16,3141251,3.61616473394285e-58,0.281990521327014,422,3.52363996377594,0
