SNP,Chromosome,Position,P.value,maf,nobs,effect,Phenotype_Variance_Explained(%)
AX-635452977,9,26675281,1.76988881882564e-08,0.309241706161137,422,0.00245985019502679,1.19022127612953
AX-635441970,10,27931702,4.60740980144523e-08,0.454878048780488,422,-0.00128074513218562,5.38068171770848
