SNP,Chromosome,Position,P.value,maf,nobs,effect,Phenotype_Variance_Explained(%)
AX-115198137,8,12870615,2.14901694585689e-08,0.214454976303318,422,0.139664112009316,7.92165558323492e-10
AX-635441221,9,34969698,2.30507857065222e-10,0.0921375921375921,422,0.314668587553056,0
AX-115338425,10,22940613,1.16693607768542e-06,0.350710900473934,422,-0.147768844075873,0
AX-115321426,12,20772552,1.83024367443989e-08,0.208530805687204,422,0.727617317995003,5.74845620572643e-06
AX-635445779,13,35366928,3.23630199182431e-07,0.140287769784173,422,0.361006014026592,92.1602706182439
AX-115191216,16,3346182,1.05440799543253e-11,0.402843601895735,422,0.217045658147145,1.07229007979999e-08
AX-115284573,16,3542555,5.71929407814914e-07,0.404028436018957,422,1.04215836100841,0
