"Trait","Year","Component","Var","Prop","Model"
"in_len",2018,"A",49.0316846092956,0.791003688742935,"noia_A_D"
"in_len",2018,"D",2.57682639900435,0.0415706538150677,"noia_A_D"
"in_len",2018,"Field spatial",0.71392141408152,0.0115173377482526,"noia_A_D"
"in_len",2018,"Residual",9.66423756043097,0.155908319693745,"noia_A_D"
