"Trait","Year","Component","Var","Prop","Model"
"in_len",2018,"A",12.3577039155062,0.218202240068934,"noia_A_AA"
"in_len",2018,"D",0,0,"noia_A_AA"
"in_len",2018,"AA",31.2053930596054,0.550999337287372,"noia_A_AA"
"in_len",2018,"Field spatial",0.348031149693772,0.00614524971598147,"noia_A_AA"
"in_len",2018,"Residual",12.7230471778962,0.224653172927713,"noia_A_AA"
