"Trait","Year","Component","Var","Prop","Model"
"in_len",2017,"A",44.9802693968159,0.792847754203188,"noia_A_AA_D"
"in_len",2017,"D",0.00000234556064522534,0.0000000413441830129619,"noia_A_AA_D"
"in_len",2017,"AA",3.50422876979345,0.0617675249081903,"noia_A_AA_D"
"in_len",2017,"Field spatial",0.0900255363512089,0.00158684119224164,"noia_A_AA_D"
"in_len",2017,"Residual",8.15801706377037,0.143797838352197,"noia_A_AA_D"
