"Trait","Year","Component","Var","Prop","Model"
"in_len",2017,"A",44.9808973202251,0.792850834823571,"noia_A_AA"
"in_len",2017,"AA",3.50460843418999,0.0617735947550314,"noia_A_AA"
"in_len",2017,"Field spatial",0.0900218364727156,0.00158675999039377,"noia_A_AA"
"in_len",2017,"Residual",8.15758706898952,0.143788810431004,"noia_A_AA"
