"Trait","Year","Component","Var","Prop","Model"
"in_len",2018,"A",12.2035643106099,0.208201442054024,"noia_A_AA_D"
"in_len",2018,"D",5.15857594840022,0.0880089557497855,"noia_A_AA_D"
"in_len",2018,"AA",28.2167593961078,0.481397880720264,"noia_A_AA_D"
"in_len",2018,"Field spatial",0.244900284762052,0.00417817214291814,"noia_A_AA_D"
"in_len",2018,"Residual",12.7904161299748,0.218213549333008,"noia_A_AA_D"
