"Trait","Year","Component","Variance","Prop"
"in_len",2017,"Additive",52.7570490996008,0.851289305679686
"in_len",2017,"Field spatial",0.349938017529836,0.00564661020769932
"in_len",2017,"Residual",8.86612677918285,0.143064084112615
"in_len",2017,"AR1(rep)",0.231662349582899,NA
