"Trait","Year","Component","Var","Prop","Model"
"in_len",2017,"A",51.7029973170575,0.844598666614259,"noia_A_D"
"in_len",2017,"D",0.198263106654717,0.0032387436746173,"noia_A_D"
"in_len",2017,"Field spatial",0.232936829973808,0.00380515920179205,"noia_A_D"
"in_len",2017,"Residual",9.0818564305084,0.148357430509332,"noia_A_D"
