"Trait","Year","Component","Var","Prop","Model"
"in_len",2017,"A",25.4919262930036,0.444575880991718,"noia_A_AA_D"
"in_len",2017,"D",0.468778887234838,0.00817544285933164,"noia_A_AA_D"
"in_len",2017,"AA",13.3995338498106,0.233686128607426,"noia_A_AA_D"
"in_len",2017,"Field spatial",0.256402915707007,0.00447163352149551,"noia_A_AA_D"
"in_len",2017,"Residual",17.7232349637574,0.309090914020028,"noia_A_AA_D"
