"Trait","Year","Component","Var","Prop","Model"
"in_len",2018,"A",37.1561818469262,0.467387409860381,"noia_A_D"
"in_len",2018,"D",23.8933057631468,0.300553763560696,"noia_A_D"
"in_len",2018,"AA",0,0,"noia_A_D"
"in_len",2018,"Field spatial",1.36137977941747,0.017124788859081,"noia_A_D"
"in_len",2018,"Residual",17.0867422231124,0.214934037719842,"noia_A_D"
