"Trait","Year","Component","Var","Prop","Model"
"in_len",2017,"A",25.6786369827022,0.448290520590719,"noia_A_AA"
"in_len",2017,"D",0,0,"noia_A_AA"
"in_len",2017,"AA",13.6170818437972,0.237723237132655,"noia_A_AA"
"in_len",2017,"Field spatial",0.258197556358901,0.00450754130888465,"noia_A_AA"
"in_len",2017,"Residual",17.7273238023347,0.309478700967741,"noia_A_AA"
