"Trait","Year","Component","Var","Prop","Model"
"in_len",2017,"A",42.0922501657542,0.587164788933898,"noia_A_D"
"in_len",2017,"D",9.81658765736176,0.136936243540988,"noia_A_D"
"in_len",2017,"AA",0,0,"noia_A_D"
"in_len",2017,"Field spatial",0.796455103472576,0.0111101305082111,"noia_A_D"
"in_len",2017,"Residual",18.981993094394,0.264788837016903,"noia_A_D"
