"Trait","Year","Component","Var","Prop","Model"
"in_len",2018,"A",47.4523301960494,0.780612556338009,"noia_A_AA_D"
"in_len",2018,"D",1.64143195632398,0.0270023071614645,"noia_A_AA_D"
"in_len",2018,"AA",1.67868137420702,0.0276150771391588,"noia_A_AA_D"
"in_len",2018,"Field spatial",0.644787448334183,0.0106070487215128,"noia_A_AA_D"
"in_len",2018,"Residual",9.37135077511088,0.154163010639855,"noia_A_AA_D"
