"Trait","Year","Component","Var","Prop","Model"
"in_len",2018,"A",47.5131467020877,0.79135788464238,"noia_A_AA"
"in_len",2018,"AA",2.46399524213681,0.0410392112063712,"noia_A_AA"
"in_len",2018,"Field spatial",0.690895067083429,0.0115072416109408,"noia_A_AA"
"in_len",2018,"Residual",9.37198738746232,0.156095662540308,"noia_A_AA"
