"Trait","Year","Component","Variance","Prop"
"in_len",2018,"Additive",52.1304419863198,0.821777430273555
"in_len",2018,"Field spatial",1.51787491496176,0.0239275804993425
"in_len",2018,"Residual",9.78788865253429,0.154294989227103
"in_len",2018,"AR1(rep)",0.198384164940627,NA
