"Trait","Year","Component","Variance","Prop"
"lsh_ang_1",2018,"Additive",17.2488540533307,0.206582186861086
"lsh_ang_1",2018,"Field spatial",9.12240572899841,0.109255172494586
"lsh_ang_1",2018,"Residual",57.1250683155504,0.684162640644328
"lsh_ang_1",2018,"AR1(rep)",0.27964946129326,NA
