"Trait","Year","Component","Var","Prop","Model"
"lsh_ang_1",2017,"A",65.4523425186106,0.533735036785836,"noia_A_D"
"lsh_ang_1",2017,"D",0.163112185412264,0.00133010805925669,"noia_A_D"
"lsh_ang_1",2017,"Field spatial",0.986387069266644,0.00804355227699315,"noia_A_D"
"lsh_ang_1",2017,"Residual",56.0289356865639,0.456891302877914,"noia_A_D"
