"Trait","Year","Component","Var","Prop","Model"
"lsh_ang_1",2018,"A",8.27682462017133,0.107072103756436,"noia_A_AA"
"lsh_ang_1",2018,"AA",12.9748932248043,0.167848079106232,"noia_A_AA"
"lsh_ang_1",2018,"Field spatial",4.24653209337325,0.0549347298961236,"noia_A_AA"
"lsh_ang_1",2018,"Residual",51.8031603243947,0.670145087241208,"noia_A_AA"
