"Trait","Year","Component","Var","Prop","Model"
"lsh_ang_1",2017,"A",54.8130321242897,0.448979798715971,"noia_A_AA"
"lsh_ang_1",2017,"AA",16.5980505248495,0.135956525207846,"noia_A_AA"
"lsh_ang_1",2017,"Field spatial",0.240479750236008,0.00196979706598614,"noia_A_AA"
"lsh_ang_1",2017,"Residual",50.4319528969665,0.413093879010197,"noia_A_AA"
