"Trait","Year","Component","Var","Prop","Model"
"lsh_ang_1",2018,"A",7.41605008357065,0.0957906053987439,"noia_A_D"
"lsh_ang_1",2018,"D",3.56574232766569,0.0460574851051393,"noia_A_D"
"lsh_ang_1",2018,"AA",0,0,"noia_A_D"
"lsh_ang_1",2018,"Field spatial",4.62516844826514,0.0597417332323583,"noia_A_D"
"lsh_ang_1",2018,"Residual",61.8124275314597,0.798410176263759,"noia_A_D"
