"Trait","Year","Component","Var","Prop","Model"
"lsh_ang_1",2018,"A",0.0000147455349886817,0.000000194436789088441,"noia_A_AA_D"
"lsh_ang_1",2018,"D",0.733949402111618,0.00967796456415466,"noia_A_AA_D"
"lsh_ang_1",2018,"AA",16.3880185246054,0.216094818118976,"noia_A_AA_D"
"lsh_ang_1",2018,"Field spatial",4.45132030912474,0.0586957630750406,"noia_A_AA_D"
"lsh_ang_1",2018,"Residual",54.2638627001372,0.71553125980504,"noia_A_AA_D"
