"Trait","Year","Component","Var","Prop","Model"
"lsh_ang_1",2018,"A",8.27627148946624,0.107065373785588,"noia_A_AA_D"
"lsh_ang_1",2018,"D",0.00000517659534018471,0.0000000669666426166683,"noia_A_AA_D"
"lsh_ang_1",2018,"AA",12.9744931425455,0.16784357059253,"noia_A_AA_D"
"lsh_ang_1",2018,"Field spatial",4.24655147167945,0.0549351989230624,"noia_A_AA_D"
"lsh_ang_1",2018,"Residual",51.8037817452403,0.670155789732177,"noia_A_AA_D"
