"Trait","Year","Component","Var","Prop","Model"
"lsh_ang_1",2017,"A",42.9475664037789,0.351386427038239,"noia_A_D"
"lsh_ang_1",2017,"D",18.937080417854,0.15493853514317,"noia_A_D"
"lsh_ang_1",2017,"AA",0,0,"noia_A_D"
"lsh_ang_1",2017,"Field spatial",2.1768248716026,0.0178102457943486,"noia_A_D"
"lsh_ang_1",2017,"Residual",58.1617079718834,0.475864792024243,"noia_A_D"
