"Trait","Year","Component","Var","Prop","Model"
"lsh_ang_1",2018,"A",15.3659582182692,0.194820820771704,"noia_A_D"
"lsh_ang_1",2018,"D",1.63439122387251,0.0207220034815882,"noia_A_D"
"lsh_ang_1",2018,"Field spatial",4.55456665928808,0.0577461165921281,"noia_A_D"
"lsh_ang_1",2018,"Residual",57.3173428152668,0.72671105915458,"noia_A_D"
