"Trait","Year","Component","Var","Prop","Model"
"lsh_ang_1",2017,"A",54.7801169207501,0.448677897145184,"noia_A_AA_D"
"lsh_ang_1",2017,"D",0.0000220850741274071,0.000000180888343705361,"noia_A_AA_D"
"lsh_ang_1",2017,"AA",16.6697729281705,0.136534185827306,"noia_A_AA_D"
"lsh_ang_1",2017,"Field spatial",0.23721119430709,0.0019428841306596,"noia_A_AA_D"
"lsh_ang_1",2017,"Residual",50.4051779841471,0.412844852008507,"noia_A_AA_D"
