"Trait","Year","Component","Variance","Prop"
"lsh_ang_1",2017,"Additive",65.716861296037,0.532833170356741
"lsh_ang_1",2017,"Field spatial",1.82281035524705,0.0147793701858362
"lsh_ang_1",2017,"Residual",55.7951073228523,0.452387459457423
"lsh_ang_1",2017,"AR1(rep)",0.0677622834271476,NA
