"Trait","Year","Component","Var","Prop","Model"
"lsh_ang_1",2017,"A",26.4937477885104,0.224535568506727,"noia_A_AA_D"
"lsh_ang_1",2017,"D",0.0000979394736217055,0.000000830040942657273,"noia_A_AA_D"
"lsh_ang_1",2017,"AA",43.0792056195068,0.365097984694674,"noia_A_AA_D"
"lsh_ang_1",2017,"Field spatial",0.742311091078317,0.00629111608424086,"noia_A_AA_D"
"lsh_ang_1",2017,"Residual",47.6781829257889,0.404074500673415,"noia_A_AA_D"
