"Trait","Year","Component","Var","Prop","Model"
"lsh_ang_1",2017,"A",26.4973517233244,0.224569009662661,"noia_A_AA"
"lsh_ang_1",2017,"D",0,0,"noia_A_AA"
"lsh_ang_1",2017,"AA",43.0714076790997,0.365036606988837,"noia_A_AA"
"lsh_ang_1",2017,"Field spatial",0.742568484098484,0.00629337870523531,"noia_A_AA"
"lsh_ang_1",2017,"Residual",47.6806949804247,0.404101004643267,"noia_A_AA"
