"Trait","Year","Component","Var","Prop","Model"
"lsh_ang_1",2018,"A",0.000022897290888093,0.000000302735814913548,"noia_A_AA"
"lsh_ang_1",2018,"D",0,0,"noia_A_AA"
"lsh_ang_1",2018,"AA",16.9761118403443,0.224449131435137,"noia_A_AA"
"lsh_ang_1",2018,"Field spatial",4.46086777515361,0.0589792236877674,"noia_A_AA"
"lsh_ang_1",2018,"Residual",54.197559901413,0.71657134214128,"noia_A_AA"
