"Trait","Year","Component","Var","Prop","Model"
"tr_coni",2017,"A",0.00000131882979859672,0.218738103089412,"noia_A_D"
"tr_coni",2017,"D",0.000000774900194461146,0.128523179261192,"noia_A_D"
"tr_coni",2017,"Field spatial",0.000000416831985019652,0.0691348025402581,"noia_A_D"
"tr_coni",2017,"Residual",0.00000351870215089609,0.583603915109139,"noia_A_D"
