"Trait","Year","Component","Var","Prop","Model"
"tr_coni",2018,"A",0.0000255312614283381,0.640122950620428,"noia_A"
"tr_coni",2018,"D",0,0,"noia_A"
"tr_coni",2018,"AA",0,0,"noia_A"
"tr_coni",2018,"Field spatial",0.000000517179045410642,0.0129667771205328,"noia_A"
"tr_coni",2018,"Residual",0.0000138364931996844,0.346910272259039,"noia_A"
