"Trait","Year","Component","Var","Prop","Model"
"tr_brz_prop",2017,"A",0.00844568360134889,0.155592455764384,"noia_A_AA_D"
"tr_brz_prop",2017,"D",0.00611056886931753,0.112573293219588,"noia_A_AA_D"
"tr_brz_prop",2017,"AA",0.00820210809088218,0.151105132579376,"noia_A_AA_D"
"tr_brz_prop",2017,"Field spatial",0.00542234853600799,0.0998944034078131,"noia_A_AA_D"
"tr_brz_prop",2017,"Residual",0.0261000949418005,0.480834715028839,"noia_A_AA_D"
