"Trait","Year","Component","Var","Prop","Model"
"tr_brz_prop",2017,"A",0.0126113608497556,0.226031612247362,"noia_A_D"
"tr_brz_prop",2017,"D",0.00962045571379777,0.172426048342451,"noia_A_D"
"tr_brz_prop",2017,"Field spatial",0.00573248284384542,0.102742468065992,"noia_A_D"
"tr_brz_prop",2017,"Residual",0.0278303778254218,0.498799871344195,"noia_A_D"
