"Trait","Year","Component","Var","Prop","Model"
"tr_coni",2017,"A",0.00000184886700293595,0.312382657098781,"noia_A"
"tr_coni",2017,"D",0,0,"noia_A"
"tr_coni",2017,"AA",0,0,"noia_A"
"tr_coni",2017,"Field spatial",0.000000417654251660401,0.0705664305085758,"noia_A"
"tr_coni",2017,"Residual",0.00000365207557183153,0.617050912392644,"noia_A"
