"Trait","Year","Component","Var","Prop","Model"
"tr_coni",2017,"A",0.000000710711312701005,0.123932210390537,"noia_A_AA_D"
"tr_coni",2017,"AA",0.00000171199857306246,0.298534388792452,"noia_A_AA_D"
"tr_coni",2017,"Field spatial",0.000000365460185509896,0.063728109839489,"noia_A_AA_D"
"tr_coni",2017,"Residual",0.00000294650786645891,0.513805290977522,"noia_A_AA_D"
