"Trait","Year","Component","Variance","Prop"
"tr_len",2017,"Additive",211766.705125473,0.88006434842264
"tr_len",2017,"Field spatial",1542.62684062442,0.00641087976766231
"tr_len",2017,"Residual",27317.0557577404,0.113524771809697
"tr_len",2017,"AR1(rep)",0.587881043413495,NA
