"Trait","Year","Component","Var","Prop","Model"
"tr_len",2018,"A",286275.62445662,0.811021448624045,"noia_A_D"
"tr_len",2018,"D",22006.2988438663,0.0623440448381961,"noia_A_D"
"tr_len",2018,"Field spatial",236.761304424714,0.000670746929491886,"noia_A_D"
"tr_len",2018,"Residual",44462.8856634298,0.125963759608267,"noia_A_D"
