"Trait","Year","Component","Var","Prop","Model"
"tr_coni",2017,"A",0.00000183371404442492,0.310128514768158,"noia_A"
"tr_coni",2017,"D",0,0,"noia_A"
"tr_coni",2017,"AA",0,0,"noia_A"
"tr_coni",2017,"Field spatial",0.000000431145974273735,0.0729179454431878,"noia_A"
"tr_coni",2017,"Residual",0.00000364789536206905,0.616953539788654,"noia_A"
