"Trait","Year","Component","Var","Prop","Model"
"tr_coni",2017,"A",0.0000007337142978628,0.127769108662104,"noia_A_AA_D"
"tr_coni",2017,"D",0.000000000178193014463392,0.0000310305560272159,"noia_A_AA_D"
"tr_coni",2017,"AA",0.00000166812155348596,0.290486916569261,"noia_A_AA_D"
"tr_coni",2017,"Field spatial",0.000000379337988159288,0.0660579693894029,"noia_A_AA_D"
"tr_coni",2017,"Residual",0.00000296114946526259,0.515654974823205,"noia_A_AA_D"
