"Trait","Year","Component","Var","Prop","Model"
"tr_len",2018,"A",204127.159561978,0.469403381815286,"noia_A_D"
"tr_len",2018,"D",132716.08450411,0.305189074404367,"noia_A_D"
"tr_len",2018,"AA",0,0,"noia_A_D"
"tr_len",2018,"Field spatial",2244.20429891625,0.00516069047184209,"noia_A_D"
"tr_len",2018,"Residual",95777.6750445744,0.220246853308505,"noia_A_D"
