"Trait","Year","Component","Var","Prop","Model"
"tr_len",2018,"A",283651.717134425,0.823976480068832,"noia_A_AA"
"tr_len",2018,"AA",20849.4094966428,0.0605652002466669,"noia_A_AA"
"tr_len",2018,"Field spatial",152.963784516403,0.000444342667892618,"noia_A_AA"
"tr_len",2018,"Residual",39593.2564391827,0.115013977016609,"noia_A_AA"
