"Trait","Year","Component","Variance","Prop"
"tr_len",2018,"Additive",321410.455634622,0.874579007618439
"tr_len",2018,"Field spatial",207.413179119813,0.000564384913998583
"tr_len",2018,"Residual",45885.1844665479,0.124856607467563
"tr_len",2018,"AR1(rep)",0.477600648645428,NA
