"Trait","Year","Component","Var","Prop","Model"
"tr_brz_prop",2018,"A",0.00421060994569719,0.206767069404845,"noia_A_D"
"tr_brz_prop",2018,"D",0.000000129380725145053,0.0000063533962349217,"noia_A_D"
"tr_brz_prop",2018,"AA",0,0,"noia_A_D"
"tr_brz_prop",2018,"Field spatial",0.000461906931097316,0.0226824958171146,"noia_A_D"
"tr_brz_prop",2018,"Residual",0.0156913795896181,0.770544081381806,"noia_A_D"
