"Trait","Year","Component","Var","Prop","Model"
"tr_coni",2018,"A",0.00000506311838279107,0.135480374285237,"noia_A_AA_D"
"tr_coni",2018,"D",0.00000396797416911375,0.10617619122098,"noia_A_AA_D"
"tr_coni",2018,"AA",0.000016510448865134,0.441791327547933,"noia_A_AA_D"
"tr_coni",2018,"Field spatial",0.00000021865366576379,0.00585079751980581,"noia_A_AA_D"
"tr_coni",2018,"Residual",0.000011611405117617,0.310701309426045,"noia_A_AA_D"
