"Trait","Year","Component","Var","Prop","Model"
"tr_brz_prop",2018,"A",0.00212649464973953,0.105389166004098,"noia_A_AA"
"tr_brz_prop",2018,"D",0,0,"noia_A_AA"
"tr_brz_prop",2018,"AA",0.00397843091996901,0.197171206949338,"noia_A_AA"
"tr_brz_prop",2018,"Field spatial",0.000410608481244842,0.0203497739333151,"noia_A_AA"
"tr_brz_prop",2018,"Residual",0.0136620110456349,0.677089853113249,"noia_A_AA"
