"Trait","Year","Component","Var","Prop","Model"
"tr_coni",2018,"A",0.0000174778971790549,0.400261243335383,"noia_A_D"
"tr_coni",2018,"D",0.0000103758337934913,0.237616922234846,"noia_A_D"
"tr_coni",2018,"AA",0,0,"noia_A_D"
"tr_coni",2018,"Field spatial",0.000000550496439085409,0.0126069164329494,"noia_A_D"
"tr_coni",2018,"Residual",0.0000152619967608896,0.349514917996822,"noia_A_D"
