"Trait","Year","Component","Var","Prop","Model"
"tr_len",2017,"A",118978.434863214,0.433883002360049,"noia_A_D"
"tr_len",2017,"D",98636.7643859952,0.359702289949255,"noia_A_D"
"tr_len",2017,"AA",0,0,"noia_A_D"
"tr_len",2017,"Field spatial",1903.86334386429,0.00694288796678801,"noia_A_D"
"tr_len",2017,"Residual",54698.7201180414,0.199471819723909,"noia_A_D"
