"Trait","Year","Component","Var","Prop","Model"
"tr_coni",2017,"A",0.00000133023494338346,0.221568343373542,"noia_A_D"
"tr_coni",2017,"D",0.000000717048334365771,0.119433948382142,"noia_A_D"
"tr_coni",2017,"AA",0,0,"noia_A_D"
"tr_coni",2017,"Field spatial",0.000000430252082961004,0.0716642137006356,"noia_A_D"
"tr_coni",2017,"Residual",0.00000352618756797918,0.587333494543681,"noia_A_D"
