"Trait","Year","Component","Var","Prop","Model"
"tr_len",2017,"A",34751.1019441195,0.155912786791762,"noia_A_AA_D"
"tr_len",2017,"D",30917.8473929437,0.138714673174614,"noia_A_AA_D"
"tr_len",2017,"AA",139813.117311022,0.627279468290173,"noia_A_AA_D"
"tr_len",2017,"Field spatial",3657.46210698614,0.0164094108613431,"noia_A_AA_D"
"tr_len",2017,"Residual",13748.5528397591,0.0616836608821078,"noia_A_AA_D"
