"Trait","Year","Component","Var","Prop","Model"
"tr_coni",2018,"A",0.0000201080992255001,0.523807642751114,"noia_A_AA"
"tr_coni",2018,"AA",0.00000607353938496038,0.158213181301478,"noia_A_AA"
"tr_coni",2018,"Field spatial",0.00000032075452018109,0.00835552218206457,"noia_A_AA"
"tr_coni",2018,"Residual",0.0000118859341566226,0.309623653765344,"noia_A_AA"
