"Trait","Year","Component","Var","Prop","Model"
"tr_brz_prop",2018,"A",0.00204487423256227,0.101470777745797,"noia_A_AA"
"tr_brz_prop",2018,"AA",0.00442439379435799,0.219547330695563,"noia_A_AA"
"tr_brz_prop",2018,"Field spatial",0.000354895405181518,0.017610624755663,"noia_A_AA"
"tr_brz_prop",2018,"Residual",0.0133281826717692,0.661371266802977,"noia_A_AA"
