"Trait","Year","Component","Var","Prop","Model"
"tr_brz_prop",2017,"A",0.0084160819607715,0.156522329803557,"noia_A_AA_D"
"tr_brz_prop",2017,"D",0.00507802482019639,0.0944411282307147,"noia_A_AA_D"
"tr_brz_prop",2017,"AA",0.00944729242213206,0.17570078655841,"noia_A_AA_D"
"tr_brz_prop",2017,"Field spatial",0.00513756713598116,0.0955484964849656,"noia_A_AA_D"
"tr_brz_prop",2017,"Residual",0.0256902432767871,0.477787258922353,"noia_A_AA_D"
