"Trait","Year","Component","Var","Prop","Model"
"tr_brz_prop",2018,"A",0.00204484296892078,0.10146893173407,"noia_A_AA_D"
"tr_brz_prop",2018,"D",0.000000143669472679871,0.00000712914787941769,"noia_A_AA_D"
"tr_brz_prop",2018,"AA",0.00442434611833289,0.219544327399358,"noia_A_AA_D"
"tr_brz_prop",2018,"Field spatial",0.000354900016993176,0.0176108024645565,"noia_A_AA_D"
"tr_brz_prop",2018,"Residual",0.0133281718488097,0.661368809254136,"noia_A_AA_D"
