"Trait","Year","Component","Var","Prop","Model"
"tr_len",2017,"A",172122.936136558,0.779892488863602,"noia_A_AA"
"tr_len",2017,"AA",31007.4464626631,0.140495364173229,"noia_A_AA"
"tr_len",2017,"Field spatial",621.46539366651,0.00281587221022446,"noia_A_AA"
"tr_len",2017,"Residual",16949.0032069516,0.0767962747529447,"noia_A_AA"
