"Trait","Year","Component","Var","Prop","Model"
"tr_len",2018,"A",280267.321642341,0.807602407699506,"noia_A_AA_D"
"tr_len",2018,"D",16082.3708175976,0.0463420470060464,"noia_A_AA_D"
"tr_len",2018,"AA",8232.60183678114,0.0237225982182126,"noia_A_AA_D"
"tr_len",2018,"Field spatial",212.722286714335,0.000612968468514767,"noia_A_AA_D"
"tr_len",2018,"Residual",42241.2465211993,0.121719978607721,"noia_A_AA_D"
