"Trait","Year","Component","Var","Prop","Model"
"tr_brz_prop",2018,"A",0.00470171670744063,0.228636541758327,"noia_A_D"
"tr_brz_prop",2018,"D",0.00000011023991565359,0.00000536078089070722,"noia_A_D"
"tr_brz_prop",2018,"Field spatial",0.000454531711624856,0.022103109381503,"noia_A_D"
"tr_brz_prop",2018,"Residual",0.015407793821992,0.749254988079279,"noia_A_D"
