"Trait","Year","Component","Var","Prop","Model"
"tr_len",2017,"A",198122.971220283,0.841451963285761,"noia_A_D"
"tr_len",2017,"D",10249.7477125816,0.0435319048710721,"noia_A_D"
"tr_len",2017,"Field spatial",680.615787795062,0.00289065668335187,"noia_A_D"
"tr_len",2017,"Residual",26400.3570701805,0.112125475159815,"noia_A_D"
