"Trait","Year","Component","Var","Prop","Model"
"tr_len",2017,"A",43479.9095368821,0.201853585234639,"noia_A_AA"
"tr_len",2017,"D",0,0,"noia_A_AA"
"tr_len",2017,"AA",154445.559143702,0.717006777814934,"noia_A_AA"
"tr_len",2017,"Field spatial",3807.18471819135,0.0176746891427079,"noia_A_AA"
"tr_len",2017,"Residual",13670.553268771,0.0634649478077185,"noia_A_AA"
