"Trait","Year","Component","Var","Prop","Model"
"tr_len",2018,"A",57021.3741635705,0.167262247783162,"noia_A_AA"
"tr_len",2018,"D",0,0,"noia_A_AA"
"tr_len",2018,"AA",254873.667086537,0.747627413105512,"noia_A_AA"
"tr_len",2018,"Field spatial",7930.94671105888,0.0232640477960927,"noia_A_AA"
"tr_len",2018,"Residual",21084.019642537,0.0618462913152332,"noia_A_AA"
