"Trait","Year","Component","Var","Prop","Model"
"tr_len",2017,"A",172120.11267782,0.779859813552799,"noia_A_AA_D"
"tr_len",2017,"D",0.0342725171690227,0.000000155285506345496,"noia_A_AA_D"
"tr_len",2017,"AA",31023.3378217998,0.140563784633241,"noia_A_AA_D"
"tr_len",2017,"Field spatial",624.055697376361,0.00282753684174879,"noia_A_AA_D"
"tr_len",2017,"Residual",16938.9373956485,0.076748709686705,"noia_A_AA_D"
