"Trait","Year","Component","Var","Prop","Model"
"tr_coni",2017,"A",0.000000733747187668586,0.12777568789947,"noia_A_AA"
"tr_coni",2017,"D",0,0,"noia_A_AA"
"tr_coni",2017,"AA",0.00000166825364645511,0.290511855921252,"noia_A_AA"
"tr_coni",2017,"Field spatial",0.00000037933854302768,0.0660585063857677,"noia_A_AA"
"tr_coni",2017,"Residual",0.00000296112383890173,0.51565394979351,"noia_A_AA"
