"Trait","Year","Component","Var","Prop","Model"
"tr_coni",2017,"A",0.000000710760413663861,0.123936574941306,"noia_A_AA"
"tr_coni",2017,"AA",0.00000171217174860613,0.298554475114404,"noia_A_AA"
"tr_coni",2017,"Field spatial",0.000000365462644009732,0.0637263802215369,"noia_A_AA"
"tr_coni",2017,"Residual",0.00000294647735716729,0.513782569722753,"noia_A_AA"
