"Trait","Year","Component","Var","Prop","Model"
"tr_brz_prop",2017,"A",0.0119380232525473,0.214910871695446,"noia_A_D"
"tr_brz_prop",2017,"D",0.00945148562773276,0.170147684595907,"noia_A_D"
"tr_brz_prop",2017,"AA",0,0,"noia_A_D"
"tr_brz_prop",2017,"Field spatial",0.00585229691814185,0.105354312476319,"noia_A_D"
"tr_brz_prop",2017,"Residual",0.0283069114831538,0.509587131232328,"noia_A_D"
