"Trait","Year","Component","Var","Prop","Model"
"tr_brz_prop",2018,"A",0.00212645161301654,0.105386710180535,"noia_A_AA_D"
"tr_brz_prop",2018,"D",0.000000175493107025542,0.00000869741925730737,"noia_A_AA_D"
"tr_brz_prop",2018,"AA",0.00397835800726588,0.197166989241471,"noia_A_AA_D"
"tr_brz_prop",2018,"Field spatial",0.000410613776852673,0.0203499740282926,"noia_A_AA_D"
"tr_brz_prop",2018,"Residual",0.01366200803357,0.677087629130444,"noia_A_AA_D"
