"Trait","Year","Component","Var","Prop","Model"
"tr_coni",2018,"A",0.0000243039069861885,0.602229040597454,"noia_A_D"
"tr_coni",2018,"D",0.00000211402490763991,0.0523836431998608,"noia_A_D"
"tr_coni",2018,"Field spatial",0.000000502791440549805,0.012458721432525,"noia_A_D"
"tr_coni",2018,"Residual",0.0000134358608683319,0.33292859477016,"noia_A_D"
