"Trait","Year","Component","Var","Prop","Model"
"tr_brz_prop",2017,"A",0.00967259877547358,0.183965330172805,"noia_A_AA"
"tr_brz_prop",2017,"AA",0.0120451479489053,0.229089376168418,"noia_A_AA"
"tr_brz_prop",2017,"Field spatial",0.0052355330562163,0.0995757799609867,"noia_A_AA"
"tr_brz_prop",2017,"Residual",0.0256250987996937,0.48736951369779,"noia_A_AA"
