"Trait","Year","Component","Var","Prop","Model"
"tr_len",2018,"A",43470.4366053441,0.12449910685105,"noia_A_AA_D"
"tr_len",2018,"D",38919.1536017552,0.111464255737925,"noia_A_AA_D"
"tr_len",2018,"AA",237806.050432635,0.681075305302984,"noia_A_AA_D"
"tr_len",2018,"Field spatial",7830.58219465151,0.0224267471295191,"noia_A_AA_D"
"tr_len",2018,"Residual",21136.4153952362,0.0605345849785225,"noia_A_AA_D"
