"Trait","Year","Component","Var","Prop","Model"
"tr_coni",2018,"A",0.00000623701531640471,0.171217441306893,"noia_A_AA"
"tr_coni",2018,"D",0,0,"noia_A_AA"
"tr_coni",2018,"AA",0.000018355107180171,0.503881155788835,"noia_A_AA"
"tr_coni",2018,"Field spatial",0.000000217782168570011,0.00597851757181806,"noia_A_AA"
"tr_coni",2018,"Residual",0.0000116175484541037,0.318922885332454,"noia_A_AA"
