"Trait","Year","Component","Var","Prop","Model"
"tr_coni",2018,"A",0.0000271906983676505,0.612271034143316,"noia_A"
"tr_coni",2018,"D",0,0,"noia_A"
"tr_coni",2018,"AA",0,0,"noia_A"
"tr_coni",2018,"Field spatial",0.000000473714010349518,0.0106669333418058,"noia_A"
"tr_coni",2018,"Residual",0.000016745165817538,0.377062032514879,"noia_A"
