"Trait","Year","Component","Var","Prop","Model"
"tr_coni",2018,"A",0.0000201080623141851,0.523843310935377,"noia_A_AA_D"
"tr_coni",2018,"AA",0.00000607042125219154,0.158143013376143,"noia_A_AA_D"
"tr_coni",2018,"Field spatial",0.000000321221586233826,0.00836827420998871,"noia_A_AA_D"
"tr_coni",2018,"Residual",0.0000118859378334192,0.309645401478491,"noia_A_AA_D"
