"Trait","Year","Component","Variance","Prop"
"tr_coni",2018,"Additive",2.64818579857647e-05,0.645947628277198
"tr_coni",2018,"Field spatial",9.32297296168073e-07,0.0227406712789084
"tr_coni",2018,"Residual",1.35827565828793e-05,0.331311700443893
"tr_coni",2018,"AR1(rep)",0.148603018562483,NA
