"Trait","Year","Component","Variance","Prop"
"tr_brz_prop",2018,"Additive",0.00464696233914021,0.222020966927098
"tr_brz_prop",2018,"Field spatial",0.000909526463116636,0.0434550422511711
"tr_brz_prop",2018,"Residual",0.0153737972128747,0.734523990821731
"tr_brz_prop",2018,"AR1(rep)",0.278848427960135,NA
