SNP,Chr,Pos,P.value,MAF,nobs,effect,H&B.P.Value,Phenotype_Variance_Explained(%)
AX-115234995,5,15955865,0.000000884716588076996,444,49.7319176094735,0.289828231846304,0.0128584708911111,0.682771356226412
AX-635456671,15,2580784,0.0000000616521769947843,444,-102.598702976887,0.199324324324324,0.00179210548088439,1.02570279960478
