SNP,Chromosome,Position,P.value,MAF,nobs,effect,Phenotype_Variance_Explained(%)
AX-115336465,3,4247669,0.000000192909082196411,444,0.824099326104594,0.397288840223623,2.22708470310059
AX-635445376,13,32143239,0.000000000000525672163445949,444,-5.27904070336042,0.0857806625523161,27.5792223953249
AX-115380215,17,33766437,0.0000000539064788491959,444,1.97342068221743,0.471846846846847,0
