SNP,Chromosome,Position,P.value,MAF,nobs,effect,Phenotype_Variance_Explained(%)
AX-115234995,5,15955865,0.000000884716588076996,444,49.7319176094735,0.289828231846304,0.682771356226412
AX-635456671,15,2580784,0.0000000616521769947843,444,-102.598702976887,0.199324324324324,1.02570279960478
