SNP,Chromosome,Position,P.value,MAF,nobs,effect,Phenotype_Variance_Explained(%)
AX-115190039,3,23917058,0.000000000714542829160166,175,2.60862267493178,0.245714285714286,7.6784747649683
AX-115634980,6,10151170,0.00000000108093456361097,175,4.00272123691081,0.231354728770236,0
AX-115198038,8,9645432,0.00000112336875259112,175,-2.47641929549845,0.391428571428571,0
AX-115184209,10,9437099,0.00000000310729971942971,175,2.98637360673463,0.255507779349363,10.0949735381142
AX-115422195,10,39892366,0.000000000000285422074406205,175,-3.02030062331139,0.310622857142857,0.00000437225294632534
