SNP,Chromosome,Position,P.value,MAF,nobs,effect,Phenotype_Variance_Explained(%)
AX-115182881,2,34707593,0.000000000000423253782842659,0.483772819472617,493,-0.267071395924431,3.5501973922871
AX-635436512,5,6740260,0.0000000000592053927369623,0.0654648956356736,493,-0.0489964779459453,0.70620425030647
AX-115246274,5,40704958,0.000000826440863107588,0.397141839800601,493,-0.0205150745003186,0.442258562197898
AX-115306042,9,29447828,0.0000000940344371181048,0.488843813387424,493,0.0105048548744138,6.52270784099078
AX-115248616,10,39332193,0.0000000126527372746188,0.491886409736308,493,0.0263908724214257,0
AX-105189481,11,40158405,0.0000000000051346903407923,0.170385395537525,493,-0.0255542003471732,0.0000000144767361734426
AX-115537329,15,38286603,0.0000000245889421319456,0.322813271401195,493,0.0204536710572708,1.16616856009328
AX-115546118,17,9316027,0.0000000809163855031325,0.343813387423935,493,0.0187193987085518,3.56530265464334
