SNP,Chr,Pos,P.value,MAF,nobs,effect,H&B.P.Value,Phenotype_Variance_Explained(%)
AX-635433779,1,29189582,0.000000240668296138066,0.363817859481561,493,-0.00046471850421749,0.000538134310164716,0.0344528079662229
AX-105209732,2,16428881,0.00000016935117516302,0.237807653607194,493,-0.000813553456238101,0.000410224996636556,0.365697095140644
AX-115445809,5,36743186,0.00000000677539471182256,0.33367139959432,493,-0.00116904185199828,0.0000218830192759176,3.15269000439492
AX-115182061,6,32865902,0.0000000313074568176718,0.258620689655172,493,-0.00084255717506375,0.0000827313777069168,0.000000113039090552181
AX-115634570,7,5552842,0.000000000000177000755356433,0.486789461915638,493,-0.00104997033583746,0.0000000012862644891752,1.57638724941271
AX-115200920,7,19969527,0.000000660743847795617,0.139959432048682,493,-0.00101792752676932,0.0012804334778482,0
AX-115221253,9,17262711,0.000000000000000660394019226497,0.32279726826458,493,-0.00123248105112801,0.00000000000639877778362527,2.07233226444241
AX-115657589,11,20543813,0.0000000121403208821769,0.489850026353197,493,0.000552978293984563,0.0000352894847403118,0
AX-115635769,11,24531069,0.000000000246038973859177,0.18494753318107,493,-0.00142634652405881,0.00000119197681535643,0
AX-635444131,12,22141159,0.00000000197416987728421,0.192655772953859,493,0.00106471337916458,0.00000717314624911216,4.82403027172651
AX-115452302,12,22485471,0.000000000701588946106384,0.289493553613772,493,-0.00101095664850753,0.00000291339821220291,6.0898559902997
AX-115523737,13,15211125,0.000000437765361645076,0.441176470588235,493,-0.00060541025030784,0.00090892596659279,0
AX-635452232,14,15129399,0.000000000000493765832458257,0.0781914545573513,493,-0.00201258136915926,0.00000000287055704357932,0.112307629720963
AX-115185269,15,5964364,0.0000000000000000000000000614618833050927,0.183569979716024,493,0.00206044616650231,0.00000000000000000000178657402391243,0.381790502285309
AX-105204111,17,1612101,0.000000000000000000000642884051944335,0.340770791075051,493,-0.00146685497983316,0.00000000000000000934367681095897,10.7375187380091
