SNP,Chr,Pos,P.value,MAF,nobs,effect,H&B.P.Value,Phenotype_Variance_Explained(%)
AX-115566781,3,4033128,0.0000000406540545417083,0.235051546391753,485,1.08670828116465,0.000115819092593474,1.49324321368355
AX-635439049,7,14080603,0.00000000000086144779109374,0.177686906404741,485,1.64680673586425,0.00000000500811287830257,0
AX-115441259,7,30572853,0.0000000438286094168231,0.48659793814433,485,-1.73845901492601,0.000115819092593474,0.0965911409727624
AX-115188144,9,15471806,0.0000000000000000000000000334391624227295,0.0876288659793815,485,-4.249230384797,0.000000000000000000000972009573303901,0.0000000095054351396395
AX-105204030,10,7835638,0.00000000000000000160579268959437,0.344329896907216,485,1.58829163584163,0.0000000000000155590606337097,0
AX-115302141,10,37706857,0.0000000161753863459366,0.379381443298969,485,-0.802667685437452,0.0000522429033670761,1.32156208362785
AX-115186810,12,23459101,0.000000000000000395203077856807,0.0754180534134264,485,3.2886134286648,0.00000000000287194076678542,4.01358458655936
AX-635445376,13,32143239,0.00000000000000000000127189151123213,0.0826528127283059,485,-5.04463861262852,0.0000000000000000184856712242478,0.00000441073381010496
AX-635452059,14,24847084,0.00000000390803183775379,0.084716697783911,485,2.18070555270558,0.0000162283813514039,0
AX-115363901,15,3717587,0.0000000119477475856319,0.492783505154639,485,1.12072351169979,0.0000434121408523935,0
AX-115551942,15,11377264,0.000000340223872944956,0.476288659793814,485,0.504207377621366,0.000824135628230332,28.9946739670945
AX-115524114,15,49938957,0.0000000037735017420084,0.365588692521682,485,-0.842310002719387,0.0000162283813514039,0
