SNP,Chromosome,Position,P.value,MAF,nobs,effect,Phenotype_Variance_Explained(%)
AX-115320876,3,7074881,0.000000135883586621272,0.275720164609053,486,-2.16260036417856,0.266302587101788
AX-635435421,3,24029838,0.000000000116777030789784,0.239199556074009,486,1.57356735830058,0
AX-115193825,3,25513557,0.0000000000000802675923565194,0.160823936359807,486,-2.15163530909126,0.0258344880213996
AX-115198717,4,1579269,0.000000000649590214060247,0.358024691358025,486,1.89787866616478,0
AX-115387643,4,10636700,0.000000176925517219041,0.436068176663102,486,-1.06058684387301,0
AX-115208033,4,10942551,0.00000000561887561312606,0.169090842811315,486,2.29124917770558,0.293515056742121
AX-115355752,5,17272403,0.000000000000829779380410657,0.306584362139918,486,-0.942552206594996,0.0000000183745131335535
AX-115345798,5,40990261,0.0000000010894959382524,0.201646090534979,486,-1.09756813816699,0.168967949750248
AX-115242262,6,27429474,0.000000767147991534988,0.265432098765432,486,-1.01666780938222,0
AX-115410404,8,17363697,0.00000000000000455974978041755,0.399685209778171,486,-1.08049251074803,0.56390198404642
AX-115481336,9,3500623,0.00000000000000775764556939643,0.153292181069959,486,-2.07888864502041,0.166918496176459
AX-115465208,10,12651219,0.000000000000168545131269889,0.306215773954182,486,-3.34572529643089,0
AX-115309705,13,20801123,0.0000000858963713791481,0.186019916693795,486,2.30056782736813,0.00000000481630880600226
AX-105205307,15,5706769,0.00000000000000240982206748385,0.334362139917695,486,-1.58514496286817,86.0153276718305
AX-115256901,15,16783452,0.0000000000000150434512304798,0.268518518518519,486,1.43438196275346,1.77078037367714
