SNP,Chr,Pos,P.value,MAF,nobs,effect,H&B.P.Value,Phenotype_Variance_Explained(%)
AX-115368521,1,31258410,0.0000000786833132563475,0.383675850345591,491,91.2731495197703,0.000571791637433878,0
AX-115408588,7,14355094,0.0000000000000527818800991409,0.437881873727088,491,-128.349560379215,0.00000000153426369072183,2.36462246315706
AX-115497930,8,25005507,0.0000000729412302576294,0.140529531568228,491,-154.85806024922,0.000571791637433878,0.0000000210576901437759
AX-635445376,13,32143239,0.000000071058082441454,0.0816427987234793,491,-293.574232810553,0.000571791637433878,0.00412673959510977
AX-115417746,17,191164,0.000000264941471299372,0.340122199592668,491,-74.9027086647893,0.00154026373754603,0
