"Trait","Year","chr1","pos1","SNP","chr2","pos2","FDR_BH"
"INL",2017,"10",27955674,"AX-115508496","10",3243594,8.33463668451865e-11
"TBZP",2017,"10",27955674,"AX-115577922","3",33122199,0.0445683833948462
"TBZP",2017,"10",27955674,"AX-115302409","10",2960227,0.0266422714459558
"TC",2017,"10",27955674,"AX-115190780","16",8480079,0.00558764913099154
"TL",2017,"10",27955674,"AX-115408588","7",14355094,0.0428807021778705
"TL",2017,"10",27955674,"AX-635440233","8",20524838,0.0111712152440913
"TL",2017,"10",27955674,"AX-115576814","11",12891087,0.000509709253434002
"INL",2018,"10",27955674,"AX-635439049","7",14080603,0.00985796015068014
"INL",2018,"10",27955674,"AX-635452059","14",24847084,0.000497930691682247
"INL",2018,"10",27955674,"AX-115363901","15",3717587,0.0465138970190854
"LSA",2018,"10",27955674,"AX-115320876","3",7074881,0.000207795808522127
"TBZP",2018,"10",27955674,"AX-115182881","2",34707593,8.98192050735602e-08
"TC",2018,"10",27955674,"AX-105209732","2",16428881,0.00048320309766442
"TC",2018,"10",27955674,"AX-115182061","6",32865902,0.0412586213456872
"TC",2018,"10",27955674,"AX-115452302","12",22485471,0.0225445709665524
"TC",2018,"10",27955674,"AX-115523737","13",15211125,0.000821332093236371
"TC",2018,"10",27955674,"AX-635452232","14",15129399,6.40118532715811e-05
"TC",2018,"10",27955674,"AX-105204111","17",1612101,0.0078336489712136
"TL",2018,"10",27955674,"AX-115368521","1",31258410,0.00163147659606633
"TL",2018,"10",27955674,"AX-115361219","5",18585935,0.00348849716642492
"TL",2018,"10",27955674,"AX-115408588","7",14355094,0.036353815400868
"TL",2018,"10",27955674,"AX-115198432","8",28289460,0.00163147659606633
"TL",2018,"10",27955674,"AX-635440430","8",30245024,0.00687953427186578
