"Model","R2","Adj_R2","F_value","df1","df2","P_overall","Year"
"PC1_Co",0.470106479315762,0.468990914009058,421.406507078336,1,475,1.66356947690744e-67,2018
"PC2_Co",0.142444019315514,0.140638638303547,78.8996994935113,1,475,1.35226748251947e-17,2018
"PC1_Pop",0.364528903276882,0.361847590632481,135.951659362823,2,474,2.15627986300092e-47,2018
"PC2_Pop",0.444604974788869,0.442261535863927,189.723303670042,2,474,2.95576928368665e-61,2018
"PC1_Full",0.768123398458892,0.76665272233918,522.292698007369,3,473,1.16496443710631e-149,2018
"PC2_Full",0.653670306420774,0.651473712169743,297.583546034483,3,473,1.72799350789471e-108,2018
