"Model","R2","Adj_R2","F_value","df1","df2","P_overall","Year"
"PC1_Co",0.50077250484737,0.498337248773455,205.634434181805,1,205,9.31626644317611e-33,2017
"PC2_Co",0.060696886952421,0.0561149205473108,13.246907896297,1,205,0.000345622547472096,2017
"PC1_Pop",0.619272663765371,0.615540042821894,165.908264767048,2,204,1.66968347794972e-43,2017
"PC2_Pop",0.390219074901992,0.384240830538286,65.2731891106727,2,204,1.2238583428549e-22,2017
"PC1_Full",0.803453362032473,0.800548731914726,276.611248063406,3,203,1.98173416844186e-71,2017
"PC2_Full",0.552657520781243,0.546046548181951,83.5970067158396,3,203,2.95253106927207e-35,2017
