"PC","Term","Semi_R2","Year"
"PC1","co_lab",0.184180698267103,2017
"PC1","pop",0.302680857185103,2017
"PC1","Residuals",0.196546637967527,2017
"PC2","co_lab",0.162438445879251,2017
"PC2","pop",0.491960633828823,2017
"PC2","Residuals",0.447342479218757,2017
"PC1","co_lab",0.403594495182006,2018
"PC1","pop",0.298016919143129,2018
"PC1","Residuals",0.231876601541109,2018
"PC2","co_lab",0.209065331631904,2018
"PC2","pop",0.511226287105262,2018
"PC2","Residuals",0.346329693579226,2018
