SNP;Chr;Pos;P.value;MAF;traits
AX-115343781;3;10625780;2.18E-06;0.4973545;FarmCPU.Anthocyans.ug.mg(NYC)
AX-115333927;5;873945;1.79E-06;0.484375;FarmCPU.Anthocyans.ug.mg(NYC)
AX-115308966;5;41623392;2.94E-08;0.4921875;FarmCPU.Anthocyans.ug.mg(NYC)
AX-115442369;9;4695169;3.58E-17;0.4973958;FarmCPU.Anthocyans.ug.mg(NYC)
AX-635441221;9;34969698;4.64E-08;0.2372881;FarmCPU.Anthocyans.ug.mg(NYC)
AX-115186872;12;25271522;2.51E-07;0.4947917;FarmCPU.Anthocyans.ug.mg(NYC)
AX-115356965;12;31232358;1.88E-07;0.4947917;FarmCPU.Anthocyans.ug.mg(NYC)
