SNP,Chr,Pos,P.value,MAF,effect,nobs,H&B.P.Value,Phenotype_Variance_Explained(%)
AX-115343781,3,10625780,2.17908438312315e-06,0.497354497354497,2.71767072818267,192,0.00664838645290874,0.226767599455082
AX-115333927,5,873945,1.79030964451091e-06,0.484375,-2.094680296479,192,0.00637260717963658,77.6640390678579
AX-115308966,5,41623392,2.9416878865643e-08,0.4921875,2.57492201389162,192,0.000314128140966769,0
AX-115442369,9,4695169,3.58447413710651e-17,0.497395833333333,2.8684781438211,192,7.65536141461838e-13,0.219304036496977
AX-635441221,9,34969698,4.64150053530611e-08,0.23728813559322,0.617902512856536,192,0.000330428423108442,2.2622203433946e-08
AX-115186872,12,25271522,2.50668844794031e-07,0.494791666666667,-2.98429064469091,192,0.00107070690365323,12.9125896954844
AX-115356965,12,31232358,1.88051396849728e-07,0.494791666666667,3.47758454593898,192,0.00100405342062991,0.362029097564748
