"Trait","Year","Method","Gvar","AVSED","h2_Cullis"
"tr_coni",2017,"pop+Co fixed",0.00000182970337668723,0.00138991064395362,0.472086125327793
