"Trait","Year","Method","Gvar","AVSED","h2_Cullis"
"tr_brz_prop",2018,"pop+Co fixed",0.00322200054986258,0.0632895704200657,0.378403314653794
