"Trait","Year","Method","Gvar","AVSED","h2_Cullis"
"tr_coni",2018,"pop+Co fixed",0.00000858617268448049,0.00284818388300421,0.527603757255682
