SNP,Chromosome,Position,P.value,MAF,nobs,effect,Phenotype_Variance_Explained(%)
AX-115622902,4,21634718,0.000000373992854660476,0.0885826771653543,508,-115.308170531907,0
AX-115408588,7,14355094,0.0000000765594360301521,0.434055118110236,508,-67.784460636897,0.399950206665814
AX-635440233,8,20524838,0.0000000000483312836741421,0.37007874015748,508,-141.96721538403,3.36919245285089
AX-115406167,10,19776235,0.00000000221869630780896,0.341535433070866,508,131.718306351324,0.0000000286529597770368
AX-115228184,10,37112346,0.00000000334504995259068,0.371062992125984,508,-66.3327791350642,0.0833614422619043
AX-115623416,11,11084716,0.0000000435188700831543,0.365089264831995,508,49.9353302065723,0.110778372389761
AX-115576814,11,12891087,0.00000000000333714985737191,0.138066526133052,508,-99.0630895527615,1.14553145620838
AX-635445376,13,32143239,0.00000000000000000130163955519711,0.0867846735693471,508,-330.266566395927,65.6951713531045
AX-635456671,15,2580784,0.000000432531016011584,0.174212598425197,508,-90.7993624270198,0
AX-115323144,15,17046600,0.0000000738481480038403,0.260354020708041,508,-75.6070842141816,0.528888512664459
