SNP,Chr,Pos,P.value,MAF,nobs,effect,H&B.P.Value,Phenotype_Variance_Explained(%)
AX-115442037,4,23675712,0.00000000530099826911072,0.131163708086785,507,-1.26336700261117,0.0000513631392288368,4.08046461071964
AX-115281248,12,17293855,0.0000000183203282631222,0.148915187376726,507,-1.48803992841096,0.000133133825488109,1.7111177787301
AX-115650978,13,10999059,0.0000000497523686779598,0.371792825750694,507,-0.670939987832398,0.000289240370546187,0
AX-635445376,13,32143239,0.000000000000000659503499723027,0.0859696532016338,507,-5.66195582002641,0.000000000019170447729949,0.00000504206133292575
AX-115567007,14,22565163,0.00000000000000319824971246841,0.175542406311637,507,-1.37862658607196,0.0000000000464833613210159,0
