SNP,Chromosome,Position,P.value,MAF,nobs,effect,Phenotype_Variance_Explained(%)
AX-635435349,3,20306737,0.0000000000594785414627967,0.217592592592593,216,3.86770357418758,0.0000000368145604603063
AX-115285761,7,13263232,0.000000013645956325649,0.215277777777778,216,-3.41686297802994,13.3537122053745
AX-635457540,8,19277785,0.00000000000233154589297494,0.262816281628163,216,-4.06455131003767,0.00000107768920957338
AX-115376498,10,8685645,0.0000000000147993742871756,0.282407407407407,216,3.57687979420479,0
AX-115422195,10,39892366,0.0000000000000000199102124402239,0.265550925925926,216,-3.63480469501204,0.360299107387485
AX-115258764,12,3702019,0.0000000000449938909463267,0.0717592592592593,216,6.74031040891353,0.000000904319469694902
AX-115259686,15,31240438,0.000000043738299298222,0.280092592592593,216,-2.69943843682469,0.187608072884531
