SNP,Chr,Pos,P.value,MAF,nobs,effect,H&B.P.Value,Phenotype_Variance_Explained(%)
AX-115468010,1,17044232,0.000000000941431338808294,0.407754010695187,374,0.0287671313085996,0.00000304061401738661,2.12408159286642
AX-115405726,2,31954773,0.0000000363676781843425,0.343582887700535,374,0.0254703063716124,0.0000880946391218724,0.386093279597485
AX-115577922,3,33122199,0.00000000168255945528064,0.299465240641711,374,-0.0465459606921952,0.00000489086382460976,0
AX-115293243,4,8139207,0.0000000000453101691242767,0.176470588235294,374,-0.0433683207769179,0.000000219512666017412,0
AX-115314369,5,30272303,0.0000000000300828369029354,0.300802139037433,374,-0.0410259445041957,0.000000174889580618905,49.3676246577391
AX-115448895,7,34496892,0.000000000000563747145966759,0.25,374,0.0392784767960928,0.00000000409675050974044,3.32460776694325
AX-115410404,8,17363697,0.0000000897172887202293,0.411088267251848,374,-0.0177705336989068,0.000200607857578433,0.0424549113534804
AX-115302409,10,2960227,0.00000000296012355068755,0.441176470588235,374,-0.0266598829897823,0.00000782226103376234,0
AX-115184073,10,14877012,0.000000432650838266083,0.399732620320856,374,-0.0456727244154839,0.000838419637781232,0.94703518224796
AX-115185477,11,20760382,0.000000000000000705808431642568,0.451629542296518,374,-0.0648806594864321,0.00000000000683881316366206,4.65058859673571
AX-115184315,11,35241884,0.000000000410948896696541,0.140374331550802,374,0.0353427796232039,0.00000149318281614688,6.21969541981726
AX-115271606,13,15087115,0.000000000229438841198266,0.216577540106952,374,-0.0356886477893127,0.000000952761176564457,0.0000000328739075318551
AX-115637773,14,9576967,0.00000000000000000536414964015577,0.0695187165775401,374,0.0902781580731828,0.000000000000132911107762384,0
AX-105214795,14,31469031,0.000000311732593620774,0.401069518716578,374,-0.0153237969205892,0.000647245930812048,0
AX-115201065,17,5862746,0.00000000000000000914484022033739,0.268716577540107,374,0.0494752387846631,0.000000000000132911107762384,0
