SNP,Chromosome,Position,P.value,MAF,nobs,effect,Phenotype_Variance_Explained(%)
AX-115622902,4,21634718,0.0000000239068174560495,435,-2.1218775888753,0.0862068965517241,0
AX-115335232,9,21050861,0.00000000000162336888178165,435,-4.82480446445589,0.0852588469544755,6.07828942538291
AX-115554824,10,11269462,0.000000440422895819545,435,-1.33645351540672,0.245977011494253,0
AX-635445376,13,32143239,0.00000000000896893856968617,435,-4.81763174459405,0.0852565843062721,0.0000155049485350563
