SNP,Chromosome,Position,P.value,MAF,nobs,effect,Phenotype_Variance_Explained(%)
AX-115183755,1,29809733,0.0000000303836686129082,445,0.00127461911570068,0.106741573033708,0.264864309921127
AX-115345798,5,40990261,0.0000000474901938052728,445,-0.000744651053234356,0.191011235955056,0
AX-115182061,6,32865902,0.0000000165773745539867,445,-0.000868459301472673,0.276404494382022,0.279254223654625
AX-115634570,7,5552842,0.000000000118618259109797,445,-0.000899459954820149,0.480870122976201,3.29264535670132
AX-115589133,7,19977033,0.000000567085849713957,445,0.00101046209284148,0.130337078651685,0.0000018292250003119
AX-115473557,11,37144952,0.0000000212965583736293,445,0.000689063175130369,0.442541803061134,0.00030898046517968
AX-115452302,12,22485471,0.000000302214438007711,445,-0.000767057388667712,0.303400176338932,3.3656046106856
AX-115314844,13,3217143,0.00000000339710274932101,445,0.00134920547570794,0.097752808988764,0.450202131162222
AX-115523737,13,15211125,0.000000654624394989488,445,-0.000597095511460007,0.430337078651685,0
AX-115418012,17,460998,0.000000000000198280268766302,445,0.00106181509265807,0.331460674157303,12.5356744716671
