SNP,Chr,Pos,P.value,MAF,nobs,effect,H&B.P.Value,Phenotype_Variance_Explained(%)
AX-115423688,3,30431715,0.000000868080698794348,443,91.8780352665192,0.442437923250564,0.00504667395051082,0
AX-635453932,6,24401230,0.00000000000603168449162976,443,-219.322262341624,0.0884376198931111,0.000000175329004802694,0
AX-115408588,7,14355094,0.000000128919035829038,443,-99.7887631217067,0.445823927765237,0.00124913951115949,1.09147306872669
AX-115225373,10,15498434,0.0000000981656369555078,443,-121.608060399791,0.101845049665852,0.00124913951115949,0.326889497475214
AX-635445376,13,32143239,0.00000037454907351804,443,-316.081561473086,0.0859742983594319,0.00272184811725559,45.7904573475152
