"PC","Term","Semi_R2"
"PC1","co_lab",0.02058261196606
"PC1","pop",0.636857717463806
"PC1","Residuals",0.34337003396379
"PC2","co_lab",0.00762938741748793
"PC2","pop",0.181301268896548
"PC2","Residuals",0.804646244522039
