SNP,Chr,Pos,P.value,MAF,nobs,effect,Phenotype_Variance_Explained(%)
AX-115521252,9,5172793,5.42232135478793e-07,0.494791666666667,192,-5.32851271171232,0
