SNP,Chr,Pos,P.value,MAF,effect,nobs,H&B.P.Value,Phenotype_Variance_Explained(%)
AX-115521252,9,5172793,5.42232135478793e-07,0.494791666666667,-5.32851271171232,192,0.0115804517174206,0
