"Trait","Year","Component","Var","Prop","Model"
"in_len",2018,"A",9.0606266676241,0.284625940720413,"noia_A_D"
"in_len",2018,"D",8.87078980610857,0.278662501625704,"noia_A_D"
"in_len",2018,"AA",0,0,"noia_A_D"
"in_len",2018,"Field spatial",1.312241728398,0.0412220975545173,"noia_A_D"
"in_len",2018,"Residual",12.5897953639458,0.395489460099366,"noia_A_D"
