"Trait","Year","Component","Var","Prop","Model"
"in_len",2017,"A",53.7646283594465,0.850552090857156,"noia_A_D"
"in_len",2017,"D",0.520571449440943,0.00823539840733855,"noia_A_D"
"in_len",2017,"AA",0,0,"noia_A_D"
"in_len",2017,"Field spatial",0.454020322506097,0.00718256493874474,"noia_A_D"
"in_len",2017,"Residual",8.47222680687034,0.134029945796761,"noia_A_D"
