"Trait","Year","Component","Var","Prop","Model"
"in_len",2018,"A",46.0928220310955,0.777007138439724,"noia_A_AA"
"in_len",2018,"D",0,0,"noia_A_AA"
"in_len",2018,"AA",0.717003412845186,0.0120868444481552,"noia_A_AA"
"in_len",2018,"Field spatial",1.1205320055804,0.0188893048596326,"noia_A_AA"
"in_len",2018,"Residual",11.3906188334673,0.192016712252488,"noia_A_AA"
