"Trait","Year","Component","Var","Prop","Model"
"in_len",2018,"A",2.18551833585602,0.086480103348868,"noia_A_AA"
"in_len",2018,"D",0,0,"noia_A_AA"
"in_len",2018,"AA",10.2678494171914,0.406294774196682,"noia_A_AA"
"in_len",2018,"Field spatial",1.15191473116712,0.0455808141098931,"noia_A_AA"
"in_len",2018,"Residual",11.6666384689723,0.461644308344557,"noia_A_AA"
