"Trait","Year","Component","Var","Prop","Model"
"in_len",2017,"A",43.8932950482916,0.787309212596679,"noia_A_AA_D"
"in_len",2017,"D",0.00000222520346196021,0.0000000399132301089682,"noia_A_AA_D"
"in_len",2017,"AA",4.04116362271004,0.0724859080702353,"noia_A_AA_D"
"in_len",2017,"Field spatial",0.471390506413255,0.00845527974196174,"noia_A_AA_D"
"in_len",2017,"Residual",7.34517290398678,0.131749559677894,"noia_A_AA_D"
