"Trait","Year","Component","Var","Prop","Model"
"in_len",2017,"A",27.1435792275725,0.666132101052133,"noia_A_D"
"in_len",2017,"D",3.35731821493112,0.0823921347167403,"noia_A_D"
"in_len",2017,"AA",0,0,"noia_A_D"
"in_len",2017,"Field spatial",0.761639656849697,0.0186914415600189,"noia_A_D"
"in_len",2017,"Residual",9.4855054956517,0.232784322671108,"noia_A_D"
