"Trait","Year","Component","Var","Prop","Model"
"in_len",2017,"A",3.07495742980152,0.11611279652497,"noia_A_AA"
"in_len",2017,"D",0,0,"noia_A_AA"
"in_len",2017,"AA",18.3962764949825,0.694657782503632,"noia_A_AA"
"in_len",2017,"Field spatial",0.557721053343659,0.0210599829958505,"noia_A_AA"
"in_len",2017,"Residual",4.45354756964495,0.168169437975548,"noia_A_AA"
