"Trait","Year","Component","Var","Prop","Model"
"in_len",2018,"A",45.7341808590895,0.766643882653444,"noia_A_D"
"in_len",2018,"D",1.42465954257232,0.0238816242613396,"noia_A_D"
"in_len",2018,"AA",0,0,"noia_A_D"
"in_len",2018,"Field spatial",1.08014867541679,0.0181065749688599,"noia_A_D"
"in_len",2018,"Residual",11.4160631497756,0.191367918116357,"noia_A_D"
