"Trait","Year","Component","Var","Prop","Model"
"in_len",2018,"A",1.2134234445885,0.046144745303305,"noia_A_AA_D"
"in_len",2018,"D",4.27572320428138,0.162599593018334,"noia_A_AA_D"
"in_len",2018,"AA",8.36530362385166,0.318120444127693,"noia_A_AA_D"
"in_len",2018,"Field spatial",1.04586345118259,0.0397726801736738,"noia_A_AA_D"
"in_len",2018,"Residual",11.3957127599953,0.433362537376994,"noia_A_AA_D"
