"Trait","Year","Component","Var","Prop","Model"
"in_len",2017,"A",2.95496365146856,0.111361933102659,"noia_A_AA_D"
"in_len",2017,"D",0.312838015692121,0.0117897376362516,"noia_A_AA_D"
"in_len",2017,"AA",18.2541673742019,0.687933797412476,"noia_A_AA_D"
"in_len",2017,"Field spatial",0.556485743213865,0.0209719426083522,"noia_A_AA_D"
"in_len",2017,"Residual",4.45631853643389,0.167942589240262,"noia_A_AA_D"
