"Trait","Year","Component","Var","Prop","Model"
"in_len",2018,"A",45.7347462439757,0.766645859776988,"noia_A_AA_D"
"in_len",2018,"D",1.42490345830849,0.0238854793479478,"noia_A_AA_D"
"in_len",2018,"AA",0.0000110851627071982,0.000000185819202955504,"noia_A_AA_D"
"in_len",2018,"Field spatial",1.08016594075821,0.0181066872424918,"noia_A_AA_D"
"in_len",2018,"Residual",11.4158091311989,0.19136178781337,"noia_A_AA_D"
