"Trait","Year","Component","Var","Prop","Model"
"in_len",2017,"A",43.8929315074096,0.787308195788247,"noia_A_AA"
"in_len",2017,"D",0,0,"noia_A_AA"
"in_len",2017,"AA",4.04080425660015,0.0724799688592293,"noia_A_AA"
"in_len",2017,"Field spatial",0.471362772889125,0.00845484139564558,"noia_A_AA"
"in_len",2017,"Residual",7.34553602046699,0.131756993956878,"noia_A_AA"
