"Trait","Year","Component","Var","Prop","Model"
"lsh_ang_1",2017,"A",39.8106053746276,0.381579218829204,"noia_A_D"
"lsh_ang_1",2017,"D",5.82338234782818,0.055816324979681,"noia_A_D"
"lsh_ang_1",2017,"AA",0,0,"noia_A_D"
"lsh_ang_1",2017,"Field spatial",0.311683988649916,0.00298744848995449,"noia_A_D"
"lsh_ang_1",2017,"Residual",58.3854957376305,0.559617007701161,"noia_A_D"
