"Trait","Year","Component","Var","Prop","Model"
"lsh_ang_1",2017,"A",56.2869617522117,0.458227709846128,"noia_A_AA"
"lsh_ang_1",2017,"D",0,0,"noia_A_AA"
"lsh_ang_1",2017,"AA",16.5168346836712,0.134462246591385,"noia_A_AA"
"lsh_ang_1",2017,"Field spatial",0.114885983985696,0.000935277721454132,"noia_A_AA"
"lsh_ang_1",2017,"Residual",49.9175418912119,0.406374765841032,"noia_A_AA"
