"Trait","Year","Component","Var","Prop","Model"
"lsh_ang_1",2017,"A",56.2896601910297,0.458251789492599,"noia_A_AA_D"
"lsh_ang_1",2017,"D",0.0000343802230534614,0.000000279887970258418,"noia_A_AA_D"
"lsh_ang_1",2017,"AA",16.5111225606262,0.134416364111296,"noia_A_AA_D"
"lsh_ang_1",2017,"Field spatial",0.114865809667996,0.000935117793449813,"noia_A_AA_D"
"lsh_ang_1",2017,"Residual",49.9199752745544,0.406396448714685,"noia_A_AA_D"
