"Trait","Year","Component","Var","Prop","Model"
"lsh_ang_1",2017,"A",28.3898589755344,0.281068500982666,"noia_A_AA_D"
"lsh_ang_1",2017,"D",0.0000450142886525802,0.000000445655564731228,"noia_A_AA_D"
"lsh_ang_1",2017,"AA",20.7435842088747,0.205367984519421,"noia_A_AA_D"
"lsh_ang_1",2017,"Field spatial",0.28429112628616,0.00281457124449914,"noia_A_AA_D"
"lsh_ang_1",2017,"Residual",51.589124245777,0.510748497597849,"noia_A_AA_D"
