"Trait","Year","Component","Var","Prop","Model"
"lsh_ang_1",2017,"A",66.6763872954818,0.531106366556184,"noia_A_D"
"lsh_ang_1",2017,"D",3.62135279248928,0.0288456468871613,"noia_A_D"
"lsh_ang_1",2017,"AA",0,0,"noia_A_D"
"lsh_ang_1",2017,"Field spatial",0.137307728849837,0.00109371566048331,"noia_A_D"
"lsh_ang_1",2017,"Residual",55.1073886782013,0.438954270896171,"noia_A_D"
