"Trait","Year","Component","Var","Prop","Model"
"lsh_ang_1",2018,"A",0.0000103937570522647,0.000000112734316015955,"noia_A_AA"
"lsh_ang_1",2018,"D",0,0,"noia_A_AA"
"lsh_ang_1",2018,"AA",16.2344784851487,0.176084818867321,"noia_A_AA"
"lsh_ang_1",2018,"Field spatial",5.77227960362668,0.0626081588876382,"noia_A_AA"
"lsh_ang_1",2018,"Residual",70.190154509343,0.761306909510725,"noia_A_AA"
