"Trait","Year","Component","Var","Prop","Model"
"lsh_ang_1",2018,"A",5.54671185198243,0.0591245251542766,"noia_A_D"
"lsh_ang_1",2018,"D",2.4166195699367,0.025759673183667,"noia_A_D"
"lsh_ang_1",2018,"AA",0,0,"noia_A_D"
"lsh_ang_1",2018,"Field spatial",6.88027528441783,0.0733394883270382,"noia_A_D"
"lsh_ang_1",2018,"Residual",78.9704550135519,0.841776313335018,"noia_A_D"
