"Trait","Year","Component","Var","Prop","Model"
"lsh_ang_1",2018,"A",8.58093298059057,0.0874598661163858,"noia_A_AA_D"
"lsh_ang_1",2018,"D",0.00000248336925691726,0.0000000253113668663782,"noia_A_AA_D"
"lsh_ang_1",2018,"AA",10.190115182164,0.103861213175595,"noia_A_AA_D"
"lsh_ang_1",2018,"Field spatial",6.16488564918509,0.0628346678292607,"noia_A_AA_D"
"lsh_ang_1",2018,"Residual",73.176870888407,0.745844227567391,"noia_A_AA_D"
