"Trait","Year","Component","Var","Prop","Model"
"lsh_ang_1",2018,"A",0.00000146960391086899,0.00000001593983546493,"noia_A_AA_D"
"lsh_ang_1",2018,"D",0.00000160088976504791,0.0000000173638075291084,"noia_A_AA_D"
"lsh_ang_1",2018,"AA",16.2342857560878,0.176082713123485,"noia_A_AA_D"
"lsh_ang_1",2018,"Field spatial",5.7722943146795,0.0626083129955312,"noia_A_AA_D"
"lsh_ang_1",2018,"Residual",70.1903478811659,0.76130894057734,"noia_A_AA_D"
