"Trait","Year","Component","Var","Prop","Model"
"lsh_ang_1",2018,"A",12.5984577213001,0.127287143664017,"noia_A_D"
"lsh_ang_1",2018,"D",0.0667095572321031,0.000673992736492624,"noia_A_D"
"lsh_ang_1",2018,"AA",0,0,"noia_A_D"
"lsh_ang_1",2018,"Field spatial",6.91561061100371,0.0698711176272766,"noia_A_D"
"lsh_ang_1",2018,"Residual",79.3958929559862,0.802167745972214,"noia_A_D"
