"Trait","Year","Component","Var","Prop","Model"
"lsh_ang_1",2017,"A",28.3866472813307,0.281036051587588,"noia_A_AA"
"lsh_ang_1",2017,"D",0,0,"noia_A_AA"
"lsh_ang_1",2017,"AA",20.7506535955777,0.205437496600675,"noia_A_AA"
"lsh_ang_1",2017,"Field spatial",0.284669055232204,0.00281830631489347,"noia_A_AA"
"lsh_ang_1",2017,"Residual",51.5851681947045,0.510708145496843,"noia_A_AA"
