"Trait","Year","Component","Var","Prop","Model"
"lsh_ang_1",2018,"A",8.58006718684281,0.0874510534050511,"noia_A_AA"
"lsh_ang_1",2018,"D",0,0,"noia_A_AA"
"lsh_ang_1",2018,"AA",10.186178842449,0.103821106588816,"noia_A_AA"
"lsh_ang_1",2018,"Field spatial",6.16520607602673,0.0628379421823794,"noia_A_AA"
"lsh_ang_1",2018,"Residual",73.1813418835899,0.745889897823754,"noia_A_AA"
