"Trait","Year","Component","Var","Prop","Model"
"tr_coni",2017,"A",0.00000182509233158026,0.306310827476626,"noia_A"
"tr_coni",2017,"D",0,0,"noia_A"
"tr_coni",2017,"AA",0,0,"noia_A"
"tr_coni",2017,"Field spatial",0.000000296705658766001,0.0497970180910898,"noia_A"
"tr_coni",2017,"Residual",0.00000383650373413172,0.643892154432285,"noia_A"
