"Trait","Year","Component","Var","Prop","Model"
"tr_len",2018,"A",268559.721536115,0.783507635919004,"noia_A_AA_D"
"tr_len",2018,"D",13402.9811143539,0.0391024312473541,"noia_A_AA_D"
"tr_len",2018,"AA",13181.4342659578,0.038456080981427,"noia_A_AA_D"
"tr_len",2018,"Field spatial",11780.6238456252,0.0343692966545454,"noia_A_AA_D"
"tr_len",2018,"Residual",35841.1667468888,0.104564555197669,"noia_A_AA_D"
