"Trait","Year","Component","Var","Prop","Model"
"tr_coni",2018,"A",0.00000850930818001842,0.356724044971953,"noia_A"
"tr_coni",2018,"D",0,0,"noia_A"
"tr_coni",2018,"AA",0,0,"noia_A"
"tr_coni",2018,"Field spatial",0.0000019779909013335,0.0829205971054485,"noia_A"
"tr_coni",2018,"Residual",0.0000133667368322839,0.560355357922598,"noia_A"
