"Trait","Year","Component","Var","Prop","Model"
"tr_len",2018,"A",269754.110652979,0.795003238990908,"noia_A_AA"
"tr_len",2018,"D",0,0,"noia_A_AA"
"tr_len",2018,"AA",25418.5755440968,0.0749121110302119,"noia_A_AA"
"tr_len",2018,"Field spatial",11693.9180105201,0.0344636182646247,"noia_A_AA"
"tr_len",2018,"Residual",32445.3601000918,0.0956210317142555,"noia_A_AA"
