"Trait","Year","Component","Var","Prop","Model"
"tr_coni",2017,"A",0.000000659446701816425,0.11058405457849,"noia_A_AA_D"
"tr_coni",2017,"D",0.000000111878481159684,0.0187611463256133,"noia_A_AA_D"
"tr_coni",2017,"AA",0.00000219623386164954,0.368291242574734,"noia_A_AA_D"
"tr_coni",2017,"Field spatial",0.000000276390685510809,0.0463485563993647,"noia_A_AA_D"
"tr_coni",2017,"Residual",0.00000271935758690864,0.456015000121798,"noia_A_AA_D"
