"Trait","Year","Component","Var","Prop","Model"
"tr_coni",2018,"A",0.0000191253955418861,0.524304176183083,"noia_A_AA_D"
"tr_coni",2018,"D",0.000000665448331846459,0.0182426208470854,"noia_A_AA_D"
"tr_coni",2018,"AA",0.00000502656777257739,0.137798482089313,"noia_A_AA_D"
"tr_coni",2018,"Field spatial",0.00000115870964578474,0.0317649015382741,"noia_A_AA_D"
"tr_coni",2018,"Residual",0.0000105015502784778,0.287889819342244,"noia_A_AA_D"
