"Trait","Year","Component","Var","Prop","Model"
"tr_brz_prop",2017,"A",0.00444924062629898,0.0809705864870576,"noia_A_AA"
"tr_brz_prop",2017,"D",0,0,"noia_A_AA"
"tr_brz_prop",2017,"AA",0.0212303458405874,0.386365606722729,"noia_A_AA"
"tr_brz_prop",2017,"Field spatial",0.00265662254806901,0.0483471908712707,"noia_A_AA"
"tr_brz_prop",2017,"Residual",0.026612641170416,0.484316615918942,"noia_A_AA"
