"Trait","Year","Component","Var","Prop","Model"
"tr_len",2017,"A",13863.7236316096,0.140759101030029,"noia_A_AA"
"tr_len",2017,"D",0,0,"noia_A_AA"
"tr_len",2017,"AA",69359.7740890439,0.704213363440094,"noia_A_AA"
"tr_len",2017,"Field spatial",1190.33647289391,0.0120855475988993,"noia_A_AA"
"tr_len",2017,"Residual",14078.7217418019,0.142941987930978,"noia_A_AA"
