"Trait","Year","Component","Var","Prop","Model"
"tr_coni",2018,"A",0.00000403697525923016,0.161937718979984,"noia_A_D"
"tr_coni",2018,"D",0.00000650235876157066,0.260833192730308,"noia_A_D"
"tr_coni",2018,"AA",0,0,"noia_A_D"
"tr_coni",2018,"Field spatial",0.0000018583860811799,0.0745466057247556,"noia_A_D"
"tr_coni",2018,"Residual",0.0000125314643070522,0.502682482564953,"noia_A_D"
