"Trait","Year","Component","Var","Prop","Model"
"tr_brz_prop",2017,"A",0.00868310384714869,0.147426602803844,"noia_A_D"
"tr_brz_prop",2017,"D",0.0146059623063108,0.247988212672073,"noia_A_D"
"tr_brz_prop",2017,"AA",0,0,"noia_A_D"
"tr_brz_prop",2017,"Field spatial",0.00328102717959702,0.0557071180202346,"noia_A_D"
"tr_brz_prop",2017,"Residual",0.0323277153528145,0.548878066503849,"noia_A_D"
