"Trait","Year","Component","Var","Prop","Model"
"tr_len",2017,"A",210131.742037717,0.856377112895634,"noia_A_D"
"tr_len",2017,"D",11046.0746941491,0.0450174993252901,"noia_A_D"
"tr_len",2017,"AA",0,0,"noia_A_D"
"tr_len",2017,"Field spatial",2336.90994337815,0.0095239118611983,"noia_A_D"
"tr_len",2017,"Residual",21858.1807430857,0.089081475917878,"noia_A_D"
