"Trait","Year","Component","Var","Prop","Model"
"tr_coni",2018,"A",0.0000020571434997527,0.0892261286557154,"noia_A_AA"
"tr_coni",2018,"D",0,0,"noia_A_AA"
"tr_coni",2018,"AA",0.00000924677009105371,0.401067547253443,"noia_A_AA"
"tr_coni",2018,"Field spatial",0.0000012366760907712,0.0536393401791675,"noia_A_AA"
"tr_coni",2018,"Residual",0.0000105148037412427,0.456066983911674,"noia_A_AA"
