"Trait","Year","Component","Var","Prop","Model"
"tr_coni",2018,"A",0.0000252854431688565,0.654672003998451,"noia_A"
"tr_coni",2018,"D",0,0,"noia_A"
"tr_coni",2018,"AA",0,0,"noia_A"
"tr_coni",2018,"Field spatial",0.00000171051139300985,0.0442872966095846,"noia_A"
"tr_coni",2018,"Residual",0.0000116271162498134,0.301040699391964,"noia_A"
