"Trait","Year","Component","Var","Prop","Model"
"tr_len",2017,"A",179486.356701481,0.796467665666354,"noia_A_AA"
"tr_len",2017,"D",0,0,"noia_A_AA"
"tr_len",2017,"AA",28687.2664887314,0.127299258810127,"noia_A_AA"
"tr_len",2017,"Field spatial",1633.85757647188,0.00725021530259359,"noia_A_AA"
"tr_len",2017,"Residual",15545.4926667269,0.0689828602209254,"noia_A_AA"
