"Trait","Year","Component","Var","Prop","Model"
"tr_len",2018,"A",21136.4125674978,0.142560777349059,"noia_A_AA"
"tr_len",2018,"D",0,0,"noia_A_AA"
"tr_len",2018,"AA",92043.434629879,0.620814130534651,"noia_A_AA"
"tr_len",2018,"Field spatial",9848.77452778934,0.0664279687072494,"noia_A_AA"
"tr_len",2018,"Residual",25233.8454171496,0.170197123409041,"noia_A_AA"
