"Trait","Year","Component","Var","Prop","Model"
"tr_brz_prop",2017,"A",0.0024543778704566,0.0429228904498553,"noia_A_AA_D"
"tr_brz_prop",2017,"D",0.008427307594371,0.14737926258809,"noia_A_AA_D"
"tr_brz_prop",2017,"AA",0.0162982490017486,0.285028627762347,"noia_A_AA_D"
"tr_brz_prop",2017,"Field spatial",0.00287847760891634,0.0503396728584797,"noia_A_AA_D"
"tr_brz_prop",2017,"Residual",0.0271226827839958,0.474329546341228,"noia_A_AA_D"
