"Trait","Year","Component","Var","Prop","Model"
"tr_coni",2017,"A",0.000000689428294376693,0.116079488362245,"noia_A_AA"
"tr_coni",2017,"D",0,0,"noia_A_AA"
"tr_coni",2017,"AA",0.00000225512994087353,0.379697688450176,"noia_A_AA"
"tr_coni",2017,"Field spatial",0.000000276726154466926,0.0465925618211154,"noia_A_AA"
"tr_coni",2017,"Residual",0.00000271799311834028,0.457630261366464,"noia_A_AA"
