"Trait","Year","Component","Var","Prop","Model"
"tr_coni",2017,"A",0.000000643635232523877,0.108315970823316,"noia_A_AA_D"
"tr_coni",2017,"D",0.000000172446251562887,0.0290206039213103,"noia_A_AA_D"
"tr_coni",2017,"AA",0.00000215670873578814,0.362947813754668,"noia_A_AA_D"
"tr_coni",2017,"Field spatial",0.000000278283441828017,0.0468317140555806,"noia_A_AA_D"
"tr_coni",2017,"Residual",0.00000269112699099464,0.452883897445126,"noia_A_AA_D"
