"Trait","Year","Component","Var","Prop","Model"
"tr_coni",2018,"A",0.0000231611920093695,0.595346007374694,"noia_A_D"
"tr_coni",2018,"D",0.00000292562501553031,0.075201620511021,"noia_A_D"
"tr_coni",2018,"AA",0,0,"noia_A_D"
"tr_coni",2018,"Field spatial",0.00000155147983615081,0.0398799563339002,"noia_A_D"
"tr_coni",2018,"Residual",0.0000112654527609612,0.289572415780385,"noia_A_D"
