"Trait","Year","Component","Var","Prop","Model"
"tr_coni",2017,"A",0.00000146622415663038,0.241144087574014,"noia_A_D"
"tr_coni",2017,"D",0.000000689442745849732,0.113389921405017,"noia_A_D"
"tr_coni",2017,"AA",0,0,"noia_A_D"
"tr_coni",2017,"Field spatial",0.00000029855858967294,0.0491027503322024,"noia_A_D"
"tr_coni",2017,"Residual",0.00000362605692895485,0.596363240688766,"noia_A_D"
