"Trait","Year","Component","Var","Prop","Model"
"tr_brz_prop",2018,"A",0.00321173173958356,0.128925084153826,"noia_A_D"
"tr_brz_prop",2018,"D",0.000000145652854973154,0.00000584678550615617,"noia_A_D"
"tr_brz_prop",2018,"AA",0,0,"noia_A_D"
"tr_brz_prop",2018,"Field spatial",0.00174764847211165,0.0701539682039307,"noia_A_D"
"tr_brz_prop",2018,"Residual",0.0199520866479653,0.800915100856738,"noia_A_D"
