"Trait","Year","Component","Var","Prop","Model"
"tr_brz_prop",2017,"A",0.0126181373090267,0.211598771710766,"noia_A_D"
"tr_brz_prop",2017,"D",0.0116759839866163,0.195799412351865,"noia_A_D"
"tr_brz_prop",2017,"AA",0,0,"noia_A_D"
"tr_brz_prop",2017,"Field spatial",0.00310651365457255,0.0520944143744603,"noia_A_D"
"tr_brz_prop",2017,"Residual",0.0322317400726151,0.540507401562909,"noia_A_D"
