"Trait","Year","Component","Var","Prop","Model"
"tr_brz_prop",2018,"A",0.00121048460252764,0.0478836641102669,"noia_A_AA_D"
"tr_brz_prop",2018,"D",0.0000000666646909487541,0.00000263708407586457,"noia_A_AA_D"
"tr_brz_prop",2018,"AA",0.00447347202010544,0.176959071738804,"noia_A_AA_D"
"tr_brz_prop",2018,"Field spatial",0.000773927388854322,0.0306145811819941,"noia_A_AA_D"
"tr_brz_prop",2018,"Residual",0.0188217480482159,0.744540045884859,"noia_A_AA_D"
