"Trait","Year","Component","Var","Prop","Model"
"tr_brz_prop",2018,"A",0.00121049329181449,0.0478841323680074,"noia_A_AA"
"tr_brz_prop",2018,"D",0,0,"noia_A_AA"
"tr_brz_prop",2018,"AA",0.00447348208094879,0.176959929938123,"noia_A_AA"
"tr_brz_prop",2018,"Field spatial",0.000773955103141677,0.0306157571102098,"noia_A_AA"
"tr_brz_prop",2018,"Residual",0.0188217025037928,0.744540180583659,"noia_A_AA"
