"Trait","Year","Component","Var","Prop","Model"
"tr_coni",2017,"A",0.000000688566192540016,0.116655274188689,"noia_A_AA"
"tr_coni",2017,"D",0,0,"noia_A_AA"
"tr_coni",2017,"AA",0.00000224441378346225,0.380243334830072,"noia_A_AA"
"tr_coni",2017,"Field spatial",0.000000278783764730942,0.0472308935094182,"noia_A_AA"
"tr_coni",2017,"Residual",0.00000269080858039705,0.455870497471821,"noia_A_AA"
