"Trait","Year","Component","Var","Prop","Model"
"tr_coni",2018,"A",0.0000193138564217325,0.531823966315744,"noia_A_AA"
"tr_coni",2018,"D",0,0,"noia_A_AA"
"tr_coni",2018,"AA",0.00000532292288791396,0.146571347577063,"noia_A_AA"
"tr_coni",2018,"Field spatial",0.0000011726014085524,0.0322886076393345,"noia_A_AA"
"tr_coni",2018,"Residual",0.0000105068773766195,0.289316078467859,"noia_A_AA"
