"Trait","Year","Component","Var","Prop","Model"
"tr_brz_prop",2018,"A",0.00145977767610977,0.0576326683641031,"noia_A_AA_D"
"tr_brz_prop",2018,"D",0.000000100447829809371,0.0000039657247525013,"noia_A_AA_D"
"tr_brz_prop",2018,"AA",0.00380637915574018,0.150277532764731,"noia_A_AA_D"
"tr_brz_prop",2018,"Field spatial",0.000800932097333487,0.0316211534833167,"noia_A_AA_D"
"tr_brz_prop",2018,"Residual",0.0192618074844093,0.760464679663097,"noia_A_AA_D"
