"Trait","Year","Component","Var","Prop","Model"
"tr_coni",2017,"A",0.0000014418102210928,0.238272192646103,"noia_A_D"
"tr_coni",2017,"D",0.000000642080187138249,0.106109564078478,"noia_A_D"
"tr_coni",2017,"AA",0,0,"noia_A_D"
"tr_coni",2017,"Field spatial",0.000000303671310431217,0.050184433375233,"noia_A_D"
"tr_coni",2017,"Residual",0.00000366354397302987,0.605433809900187,"noia_A_D"
