"Trait","Year","Component","Var","Prop","Model"
"tr_coni",2017,"A",0.00000186375792438725,0.312236415388163,"noia_A"
"tr_coni",2017,"D",0,0,"noia_A"
"tr_coni",2017,"AA",0,0,"noia_A"
"tr_coni",2017,"Field spatial",0.000000292642359928775,0.0490265394766514,"noia_A"
"tr_coni",2017,"Residual",0.00000381265980135746,0.638737045135186,"noia_A"
