"Trait","Year","Component","Var","Prop","Model"
"tr_len",2018,"A",46372.6919422949,0.261837641425078,"noia_A_D"
"tr_len",2018,"D",65930.8915644022,0.37227058471735,"noia_A_D"
"tr_len",2018,"AA",0,0,"noia_A_D"
"tr_len",2018,"Field spatial",11227.4337808526,0.0633943093942633,"noia_A_D"
"tr_len",2018,"Residual",53573.7400342271,0.302497464463309,"noia_A_D"
