"Trait","Year","Component","Var","Prop","Model"
"tr_brz_prop",2017,"A",0.00406903338723116,0.0736761004227303,"noia_A_AA"
"tr_brz_prop",2017,"D",0,0,"noia_A_AA"
"tr_brz_prop",2017,"AA",0.0213186446913298,0.386006812351006,"noia_A_AA"
"tr_brz_prop",2017,"Field spatial",0.00282880990964877,0.0512199490999796,"noia_A_AA"
"tr_brz_prop",2017,"Residual",0.0270121867636342,0.489097138126284,"noia_A_AA"
