"Trait","Year","Component","Var","Prop","Model"
"tr_len",2018,"A",276601.554690165,0.791854344352865,"noia_A_D"
"tr_len",2018,"D",20423.4598193567,0.0584682374717281,"noia_A_D"
"tr_len",2018,"AA",0,0,"noia_A_D"
"tr_len",2018,"Field spatial",12354.294369491,0.0353678477290331,"noia_A_D"
"tr_len",2018,"Residual",39929.3192326573,0.114309570446374,"noia_A_D"
