"Trait","Year","Component","Var","Prop","Model"
"tr_len",2017,"A",7937.49780997176,0.0777557355549739,"noia_A_AA_D"
"tr_len",2017,"D",16956.3979753798,0.166104889538637,"noia_A_AA_D"
"tr_len",2017,"AA",62052.46385717,0.607865990734662,"noia_A_AA_D"
"tr_len",2017,"Field spatial",1126.68929531256,0.0110370493317031,"noia_A_AA_D"
"tr_len",2017,"Residual",14009.4245069689,0.137236334840025,"noia_A_AA_D"
