"Trait","Year","Component","Var","Prop","Model"
"tr_len",2017,"A",35204.7173884954,0.335536628206819,"noia_A_D"
"tr_len",2017,"D",29249.1347724094,0.278773891328219,"noia_A_D"
"tr_len",2017,"AA",0,0,"noia_A_D"
"tr_len",2017,"Field spatial",2446.58435996041,0.0233184279738863,"noia_A_D"
"tr_len",2017,"Residual",38020.2023275284,0.362371052491075,"noia_A_D"
