"Trait","Year","Component","Var","Prop","Model"
"tr_brz_prop",2018,"A",0.00353307512160675,0.141045514029204,"noia_A_D"
"tr_brz_prop",2018,"D",0.000000133794871176574,0.00000534128647991748,"noia_A_D"
"tr_brz_prop",2018,"AA",0,0,"noia_A_D"
"tr_brz_prop",2018,"Field spatial",0.00173113397290339,0.0691093941276104,"noia_A_D"
"tr_brz_prop",2018,"Residual",0.0197848417367616,0.789839750556706,"noia_A_D"
