"Trait","Year","Component","Var","Prop","Model"
"tr_brz_prop",2018,"A",0.00145989743008143,0.0576376465508329,"noia_A_AA"
"tr_brz_prop",2018,"D",0,0,"noia_A_AA"
"tr_brz_prop",2018,"AA",0.0038058353540118,0.150256715605672,"noia_A_AA"
"tr_brz_prop",2018,"Field spatial",0.000800938248040471,0.0316215336080324,"noia_A_AA"
"tr_brz_prop",2018,"Residual",0.0192622158576855,0.760484104235463,"noia_A_AA"
