"Trait","Year","Component","Var","Prop","Model"
"tr_brz_prop",2017,"A",0.0038450028280762,0.0683655922056443,"noia_A_AA_D"
"tr_brz_prop",2017,"D",0.0046115008354198,0.0819942142222137,"noia_A_AA_D"
"tr_brz_prop",2017,"AA",0.0184936363730955,0.328823790050399,"noia_A_AA_D"
"tr_brz_prop",2017,"Field spatial",0.00267081376410711,0.0474880703132086,"noia_A_AA_D"
"tr_brz_prop",2017,"Residual",0.0266208295880915,0.473328333208535,"noia_A_AA_D"
