"Trait","Year","Component","Var","Prop","Model"
"tr_len",2018,"A",7995.38010847255,0.0512873530739301,"noia_A_AA_D"
"tr_len",2018,"D",37568.7615251245,0.240989460256873,"noia_A_AA_D"
"tr_len",2018,"AA",74584.2325963948,0.47842977057037,"noia_A_AA_D"
"tr_len",2018,"Field spatial",9549.79464152698,0.0612583370544829,"noia_A_AA_D"
"tr_len",2018,"Residual",26195.6261727937,0.168035079044343,"noia_A_AA_D"
