"Trait","Year","Component","Var","Prop","Model"
"tr_coni",2018,"A",0.00000137319511760279,0.058112990545794,"noia_A_AA_D"
"tr_coni",2018,"D",0.00000226776487015456,0.0959707741238094,"noia_A_AA_D"
"tr_coni",2018,"AA",0.00000822666762846756,0.348148818757169,"noia_A_AA_D"
"tr_coni",2018,"Field spatial",0.00000125463941778771,0.0530957674474982,"noia_A_AA_D"
"tr_coni",2018,"Residual",0.0000105074774466245,0.444671649125729,"noia_A_AA_D"
