"Trait","Year","Component","Var","Prop","Model"
"tr_len",2017,"A",179488.22405419,0.796468281727076,"noia_A_AA_D"
"tr_len",2017,"D",0.0370725362542267,0.000000164507167003636,"noia_A_AA_D"
"tr_len",2017,"AA",28687.924351769,0.127300952110771,"noia_A_AA_D"
"tr_len",2017,"Field spatial",1633.89708279472,0.0072503207879504,"noia_A_AA_D"
"tr_len",2017,"Residual",15545.0611049268,0.0689802808670356,"noia_A_AA_D"
