"Trait","rg_2017_2018","N_eff"
"in_len",0.941674787559546,484
"lsh_ang_1",0.966117375196205,214
"tr_brz_prop",0.423423424015987,368
"tr_coni",0.475210157008913,491
"tr_len",0.994601690114344,491
