"","tr_len","in_len","tr_coni","tr_brz_prop","lsh_ang_1"
"tr_len",1,0.963971522585744,0.113510527208815,-0.370138663490681,-0.646410613373537
"in_len",0.963971522585744,1,0.0895752411273287,-0.374476020508214,-0.532138991406004
"tr_coni",0.113510527208815,0.0895752411273287,1,0.0433860724107565,0.0415948636517242
"tr_brz_prop",-0.370138663490681,-0.374476020508214,0.0433860724107565,1,0.117645184225659
"lsh_ang_1",-0.646410613373537,-0.532138991406004,0.0415948636517242,0.117645184225659,1
