"","tr_len","in_len","tr_coni","tr_brz_prop","lsh_ang_1"
"tr_len",1,0.928326666604978,-0.935319685083503,0.371879678310661,-0.838606656728767
"in_len",0.928326666604978,1,-0.828866096914993,0.21725291323733,-0.65970256231355
"tr_coni",-0.935319685083503,-0.828866096914993,1,-0.283521291325003,0.819970243314751
"tr_brz_prop",0.371879678310661,0.21725291323733,-0.283521291325003,1,-0.651075834841382
"lsh_ang_1",-0.838606656728767,-0.65970256231355,0.819970243314751,-0.651075834841382,1
